ventana_id,perfil_id,fecha_corte,periodo_desde,periodo_hasta,estado_esperado,estado_modelo,estado_reto,estado_calculo_modelo,confianza_pct,nivel_incertidumbre_modelo,estado_ingreso_actual,objetivo_declarado,calidad_datos,factores_positivos,factores_atencion,informacion_faltante,explicacion_periodo,particion,prob_situacion_critica_pct,prob_fragilidad_sostenida_pct,prob_uso_planificado_reserva_pct,prob_acumulacion_estable_pct,prob_deterioro_reciente_pct,prob_equilibrio_sostenible_pct,prob_variable_resiliente_pct,recurrencias_observadas,recurrencias_fijas_observadas,recurrencias_variables_observadas,recurrencias_estacionales_observadas,eventos_inusuales_observados,tendencia_entradas,tendencia_salidas
VEN_0164_3,PERF_0164,2026-06-30,2026-04-01,2026-06-30,situacion_critica,situacion_critica,en_riesgo,calculado,83.87,baja,variable,False,alta,evidencia_temporal_disponible,balance_negativo,ninguna_relevante_para_el_periodo,La ventana entre 2026-04-01 y 2026-06-30 muestra un balance de -4915000 COP y una cobertura estimada de 0.00 meses. Este resultado describe el periodo y no a la persona.,test,83.87,13.1,2.33,0.0,0.41,0.15,0.14,2,2,0,0,4,estabilidad_observada,estabilidad_observada
VEN_0172_3,PERF_0172,2026-06-30,2026-04-01,2026-06-30,situacion_critica,situacion_critica,en_riesgo,calculado,99.85,baja,sin_ingresos,False,alta,evidencia_temporal_disponible,balance_negativo,motivo_de_periodos_sin_ingreso,La ventana entre 2026-04-01 y 2026-06-30 muestra un balance de -26189000 COP y una cobertura estimada de 0.00 meses. Este resultado describe el periodo y no a la persona.,train,99.85,0.15,0.0,0.0,0.0,0.0,0.0,1,1,0,0,4,evidencia_insuficiente,aumento_observado
VEN_0167_3,PERF_0167,2026-06-30,2026-04-01,2026-06-30,situacion_critica,situacion_critica,en_riesgo,calculado,99.8,baja,variable,True,alta,evidencia_temporal_disponible,balance_negativo,ninguna_relevante_para_el_periodo,La ventana entre 2026-04-01 y 2026-06-30 muestra un balance de -8522000 COP y una cobertura estimada de 0.00 meses. Este resultado describe el periodo y no a la persona.,train,99.8,0.2,0.0,0.0,0.0,0.0,0.0,3,3,0,0,2,disminucion_observada,estabilidad_observada
VEN_0196_3,PERF_0196,2026-06-30,2026-04-01,2026-06-30,situacion_critica,situacion_critica,en_riesgo,calculado,100.0,baja,mixto,False,alta,evidencia_temporal_disponible,balance_negativo,ninguna_relevante_para_el_periodo,La ventana entre 2026-04-01 y 2026-06-30 muestra un balance de -29964000 COP y una cobertura estimada de 0.00 meses. Este resultado describe el periodo y no a la persona.,validation,100.0,0.0,0.0,0.0,0.0,0.0,0.0,3,2,1,0,1,estabilidad_observada,estabilidad_observada
VEN_0184_3,PERF_0184,2026-06-30,2026-04-01,2026-06-30,equilibrio_sostenible,equilibrio_sostenible,saludable,calculado,92.02,baja,variable,True,alta,balance_no_negativo,sin_factor_dominante,ninguna_relevante_para_el_periodo,La ventana entre 2026-04-01 y 2026-06-30 muestra un balance de 2269000 COP y una cobertura estimada de 1.40 meses. Este resultado describe el periodo y no a la persona.,test,0.0,1.56,1.67,4.16,0.23,92.02,0.37,2,1,1,0,4,estabilidad_observada,disminucion_observada
VEN_0160_3,PERF_0160,2026-06-30,2026-04-01,2026-06-30,situacion_critica,situacion_critica,en_riesgo,calculado,99.65,baja,variable,True,alta,evidencia_temporal_disponible,balance_negativo,ninguna_relevante_para_el_periodo,La ventana entre 2026-04-01 y 2026-06-30 muestra un balance de -11103000 COP y una cobertura estimada de 0.00 meses. Este resultado describe el periodo y no a la persona.,test,99.65,0.35,0.0,0.0,0.0,0.0,0.0,2,2,0,0,2,disminucion_observada,aumento_observado
VEN_0189_3,PERF_0189,2026-06-30,2026-04-01,2026-06-30,situacion_critica,situacion_critica,en_riesgo,calculado,99.84,baja,mixto,True,alta,evidencia_temporal_disponible,balance_negativo,ninguna_relevante_para_el_periodo,La ventana entre 2026-04-01 y 2026-06-30 muestra un balance de -15784000 COP y una cobertura estimada de 0.00 meses. Este resultado describe el periodo y no a la persona.,validation,99.84,0.0,0.16,0.0,0.0,0.0,0.0,3,3,0,0,3,aumento_observado,estabilidad_observada
VEN_0152_3,PERF_0152,2026-06-30,2026-04-01,2026-06-30,fragilidad_sostenida,fragilidad_sostenida,en_riesgo,calculado,88.79,baja,estacional,True,alta,evidencia_temporal_disponible,balance_negativo,motivo_de_periodos_sin_ingreso,La ventana entre 2026-04-01 y 2026-06-30 muestra un balance de -7748000 COP y una cobertura estimada de 0.62 meses. Este resultado describe el periodo y no a la persona.,train,2.72,88.79,1.68,0.0,6.81,0.0,0.0,2,2,0,0,5,estabilidad_observada,estabilidad_observada
VEN_0162_3,PERF_0162,2026-06-30,2026-04-01,2026-06-30,situacion_critica,situacion_critica,en_riesgo,calculado,99.82,baja,sin_ingresos,True,alta,evidencia_temporal_disponible,balance_negativo,motivo_de_periodos_sin_ingreso,La ventana entre 2026-04-01 y 2026-06-30 muestra un balance de -10740000 COP y una cobertura estimada de 0.00 meses. Este resultado describe el periodo y no a la persona.,validation,99.82,0.14,0.04,0.0,0.0,0.0,0.0,1,1,0,0,0,evidencia_insuficiente,estabilidad_observada
VEN_0197_3,PERF_0197,2026-06-30,2026-04-01,2026-06-30,fragilidad_sostenida,fragilidad_sostenida,en_riesgo,calculado,93.48,baja,fijo,True,alta,evidencia_temporal_disponible,balance_negativo,ninguna_relevante_para_el_periodo,La ventana entre 2026-04-01 y 2026-06-30 muestra un balance de -17052000 COP y una cobertura estimada de 0.37 meses. Este resultado describe el periodo y no a la persona.,validation,2.81,93.48,1.49,0.0,2.21,0.0,0.0,2,2,0,0,1,evidencia_insuficiente,disminucion_observada
VEN_0171_3,PERF_0171,2026-06-30,2026-04-01,2026-06-30,variable_resiliente,variable_resiliente,saludable,calculado,92.07,baja,mixto,False,alta,balance_no_negativo,sin_factor_dominante,ninguna_relevante_para_el_periodo,La ventana entre 2026-04-01 y 2026-06-30 muestra un balance de 4602000 COP y una cobertura estimada de 2.07 meses. Este resultado describe el periodo y no a la persona.,test,0.0,0.43,0.0,0.58,0.0,6.92,92.07,3,3,0,0,3,aumento_observado,disminucion_observada
VEN_0161_3,PERF_0161,2026-06-30,2026-04-01,2026-06-30,situacion_critica,situacion_critica,en_riesgo,calculado,100.0,baja,fijo,True,alta,evidencia_temporal_disponible,balance_negativo,ninguna_relevante_para_el_periodo,La ventana entre 2026-04-01 y 2026-06-30 muestra un balance de -31768000 COP y una cobertura estimada de 0.00 meses. Este resultado describe el periodo y no a la persona.,train,100.0,0.0,0.0,0.0,0.0,0.0,0.0,3,3,0,0,2,aumento_observado,disminucion_observada
VEN_0177_3,PERF_0177,2026-06-30,2026-04-01,2026-06-30,situacion_critica,situacion_critica,en_riesgo,calculado,99.83,baja,fijo,True,alta,evidencia_temporal_disponible,balance_negativo,ninguna_relevante_para_el_periodo,La ventana entre 2026-04-01 y 2026-06-30 muestra un balance de -7122000 COP y una cobertura estimada de 0.00 meses. Este resultado describe el periodo y no a la persona.,validation,99.83,0.04,0.0,0.0,0.14,0.0,0.0,2,2,0,0,1,evidencia_insuficiente,disminucion_observada
VEN_0183_3,PERF_0183,2026-06-30,2026-04-01,2026-06-30,variable_resiliente,variable_resiliente,saludable,calculado,96.76,baja,mixto,True,alta,balance_no_negativo,sin_factor_dominante,ninguna_relevante_para_el_periodo,La ventana entre 2026-04-01 y 2026-06-30 muestra un balance de 5469000 COP y una cobertura estimada de 8.38 meses. Este resultado describe el periodo y no a la persona.,train,0.0,0.12,0.0,2.79,0.0,0.33,96.76,3,3,0,0,3,aumento_observado,disminucion_observada
VEN_0198_3,PERF_0198,2026-06-30,2026-04-01,2026-06-30,equilibrio_sostenible,equilibrio_sostenible,saludable,calculado,93.4,baja,variable,False,alta,balance_no_negativo,sin_factor_dominante,ninguna_relevante_para_el_periodo,La ventana entre 2026-04-01 y 2026-06-30 muestra un balance de 1271000 COP y una cobertura estimada de 1.09 meses. Este resultado describe el periodo y no a la persona.,train,0.0,0.08,0.09,5.78,0.0,93.4,0.65,1,1,0,0,4,aumento_observado,disminucion_observada
VEN_0168_3,PERF_0168,2026-06-30,2026-04-01,2026-06-30,situacion_critica,situacion_critica,en_riesgo,calculado,100.0,baja,fijo,True,alta,evidencia_temporal_disponible,balance_negativo,ninguna_relevante_para_el_periodo,La ventana entre 2026-04-01 y 2026-06-30 muestra un balance de -18168000 COP y una cobertura estimada de 0.00 meses. Este resultado describe el periodo y no a la persona.,train,100.0,0.0,0.0,0.0,0.0,0.0,0.0,2,2,0,0,3,estabilidad_observada,estabilidad_observada
VEN_0151_3,PERF_0151,2026-06-30,2026-04-01,2026-06-30,situacion_critica,situacion_critica,en_riesgo,calculado,96.49,baja,estacional,False,alta,evidencia_temporal_disponible,balance_negativo,motivo_de_periodos_sin_ingreso,La ventana entre 2026-04-01 y 2026-06-30 muestra un balance de -24621000 COP y una cobertura estimada de 0.00 meses. Este resultado describe el periodo y no a la persona.,train,96.49,2.94,0.03,0.0,0.53,0.0,0.0,2,2,0,0,7,disminucion_observada,aumento_observado
VEN_0157_3,PERF_0157,2026-06-30,2026-04-01,2026-06-30,variable_resiliente,variable_resiliente,saludable,calculado,62.61,media,variable,False,alta,balance_no_negativo,sin_factor_dominante,ninguna_relevante_para_el_periodo,La ventana entre 2026-04-01 y 2026-06-30 muestra un balance de 1748000 COP y una cobertura estimada de 5.15 meses. Este resultado describe el periodo y no a la persona.,train,0.03,0.88,3.88,21.95,1.01,9.65,62.61,2,2,0,0,2,estabilidad_observada,estabilidad_observada
VEN_0170_3,PERF_0170,2026-06-30,2026-04-01,2026-06-30,equilibrio_sostenible,equilibrio_sostenible,saludable,calculado,84.72,baja,mixto,False,alta,balance_no_negativo,sin_factor_dominante,ninguna_relevante_para_el_periodo,La ventana entre 2026-04-01 y 2026-06-30 muestra un balance de 2555000 COP y una cobertura estimada de 1.70 meses. Este resultado describe el periodo y no a la persona.,validation,0.0,0.02,0.24,10.49,0.0,84.72,4.53,2,2,0,0,1,estabilidad_observada,disminucion_observada
VEN_0178_3,PERF_0178,2026-06-30,2026-04-01,2026-06-30,situacion_critica,situacion_critica,en_riesgo,calculado,97.99,baja,estacional,False,alta,evidencia_temporal_disponible,balance_negativo,motivo_de_periodos_sin_ingreso,La ventana entre 2026-04-01 y 2026-06-30 muestra un balance de -12394000 COP y una cobertura estimada de 0.00 meses. Este resultado describe el periodo y no a la persona.,validation,97.99,1.62,0.21,0.0,0.18,0.0,0.0,2,1,1,0,3,aumento_observado,estabilidad_observada
VEN_0199_3,PERF_0199,2026-06-30,2026-04-01,2026-06-30,variable_resiliente,variable_resiliente,saludable,calculado,94.38,baja,variable,True,alta,balance_no_negativo,sin_factor_dominante,ninguna_relevante_para_el_periodo,La ventana entre 2026-04-01 y 2026-06-30 muestra un balance de 6838000 COP y una cobertura estimada de 8.71 meses. Este resultado describe el periodo y no a la persona.,validation,0.0,0.04,0.21,4.88,0.0,0.49,94.38,2,2,0,0,6,estabilidad_observada,disminucion_observada
VEN_0181_3,PERF_0181,2026-06-30,2026-04-01,2026-06-30,situacion_critica,situacion_critica,en_riesgo,calculado,99.87,baja,sin_ingresos,True,alta,evidencia_temporal_disponible,balance_negativo,motivo_de_periodos_sin_ingreso,La ventana entre 2026-04-01 y 2026-06-30 muestra un balance de -48800000 COP y una cobertura estimada de 0.00 meses. Este resultado describe el periodo y no a la persona.,train,99.87,0.0,0.13,0.0,0.0,0.0,0.0,2,1,1,0,2,evidencia_insuficiente,estabilidad_observada
VEN_0176_3,PERF_0176,2026-06-30,2026-04-01,2026-06-30,situacion_critica,situacion_critica,en_riesgo,calculado,97.76,baja,fijo,True,alta,evidencia_temporal_disponible,balance_negativo,ninguna_relevante_para_el_periodo,La ventana entre 2026-04-01 y 2026-06-30 muestra un balance de -12162000 COP y una cobertura estimada de 0.00 meses. Este resultado describe el periodo y no a la persona.,train,97.76,1.34,0.9,0.0,0.0,0.0,0.0,3,2,1,0,3,aumento_observado,estabilidad_observada
VEN_0195_3,PERF_0195,2026-06-30,2026-04-01,2026-06-30,situacion_critica,situacion_critica,en_riesgo,calculado,99.51,baja,estacional,False,alta,evidencia_temporal_disponible,balance_negativo,motivo_de_periodos_sin_ingreso,La ventana entre 2026-04-01 y 2026-06-30 muestra un balance de -12235000 COP y una cobertura estimada de 0.00 meses. Este resultado describe el periodo y no a la persona.,validation,99.51,0.26,0.22,0.0,0.0,0.0,0.0,2,1,1,0,0,disminucion_observada,estabilidad_observada
VEN_0165_3,PERF_0165,2026-06-30,2026-04-01,2026-06-30,uso_planificado_reserva,estado_incierto,no_disponible,requiere_confirmacion,48.49,alta,variable,True,alta,evidencia_temporal_disponible,balance_negativo,ninguna_relevante_para_el_periodo,La ventana entre 2026-04-01 y 2026-06-30 muestra un balance de -7184000 COP y una cobertura estimada de 2.18 meses. Este resultado describe el periodo y no a la persona.,train,0.12,16.39,48.49,0.0,34.88,0.12,0.0,1,1,0,0,11,disminucion_observada,aumento_observado
VEN_0182_3,PERF_0182,2026-06-30,2026-04-01,2026-06-30,situacion_critica,situacion_critica,en_riesgo,calculado,100.0,baja,variable,True,alta,evidencia_temporal_disponible,balance_negativo,ninguna_relevante_para_el_periodo,La ventana entre 2026-04-01 y 2026-06-30 muestra un balance de -20004000 COP y una cobertura estimada de 0.00 meses. Este resultado describe el periodo y no a la persona.,train,100.0,0.0,0.0,0.0,0.0,0.0,0.0,4,3,1,0,5,estabilidad_observada,estabilidad_observada
VEN_0191_3,PERF_0191,2026-06-30,2026-04-01,2026-06-30,equilibrio_sostenible,equilibrio_sostenible,saludable,calculado,93.67,baja,variable,False,alta,balance_no_negativo,sin_factor_dominante,ninguna_relevante_para_el_periodo,La ventana entre 2026-04-01 y 2026-06-30 muestra un balance de 2803000 COP y una cobertura estimada de 1.77 meses. Este resultado describe el periodo y no a la persona.,validation,0.0,0.0,0.19,5.56,0.0,93.67,0.58,1,1,0,0,2,estabilidad_observada,estabilidad_observada
VEN_0179_3,PERF_0179,2026-06-30,2026-04-01,2026-06-30,fragilidad_sostenida,fragilidad_sostenida,en_riesgo,calculado,84.9,baja,estacional,True,alta,evidencia_temporal_disponible,balance_negativo,motivo_de_periodos_sin_ingreso,La ventana entre 2026-04-01 y 2026-06-30 muestra un balance de -9613000 COP y una cobertura estimada de 0.04 meses. Este resultado describe el periodo y no a la persona.,train,10.65,84.9,0.91,0.0,3.53,0.0,0.0,3,1,2,0,6,disminucion_observada,aumento_observado
VEN_0163_3,PERF_0163,2026-06-30,2026-04-01,2026-06-30,equilibrio_sostenible,equilibrio_sostenible,saludable,calculado,86.09,baja,variable,False,alta,balance_no_negativo,sin_factor_dominante,ninguna_relevante_para_el_periodo,La ventana entre 2026-04-01 y 2026-06-30 muestra un balance de 970000 COP y una cobertura estimada de 0.99 meses. Este resultado describe el periodo y no a la persona.,test,0.0,0.71,0.06,11.34,0.0,86.09,1.8,2,2,0,0,1,disminucion_observada,disminucion_observada
VEN_0175_3,PERF_0175,2026-06-30,2026-04-01,2026-06-30,situacion_critica,situacion_critica,en_riesgo,calculado,99.96,baja,fijo,True,alta,evidencia_temporal_disponible,balance_negativo,ninguna_relevante_para_el_periodo,La ventana entre 2026-04-01 y 2026-06-30 muestra un balance de -21918000 COP y una cobertura estimada de 0.00 meses. Este resultado describe el periodo y no a la persona.,validation,99.96,0.04,0.0,0.0,0.0,0.0,0.0,3,3,0,0,1,estabilidad_observada,disminucion_observada
VEN_0155_3,PERF_0155,2026-06-30,2026-04-01,2026-06-30,situacion_critica,situacion_critica,en_riesgo,calculado,99.63,baja,apoyo,False,alta,evidencia_temporal_disponible,balance_negativo,motivo_de_periodos_sin_ingreso,La ventana entre 2026-04-01 y 2026-06-30 muestra un balance de -8646000 COP y una cobertura estimada de 0.00 meses. Este resultado describe el periodo y no a la persona.,train,99.63,0.37,0.0,0.0,0.0,0.0,0.0,2,2,0,0,1,evidencia_insuficiente,disminucion_observada
VEN_0192_3,PERF_0192,2026-06-30,2026-04-01,2026-06-30,uso_planificado_reserva,estado_incierto,no_disponible,requiere_confirmacion,83.67,alta,variable,False,alta,evidencia_temporal_disponible,balance_negativo,ninguna_relevante_para_el_periodo,La ventana entre 2026-04-01 y 2026-06-30 muestra un balance de -5274000 COP y una cobertura estimada de 1.89 meses. Este resultado describe el periodo y no a la persona.,train,0.32,5.95,83.67,0.0,8.91,0.98,0.17,2,2,0,0,1,disminucion_observada,estabilidad_observada
VEN_0186_3,PERF_0186,2026-06-30,2026-04-01,2026-06-30,uso_planificado_reserva,estado_incierto,no_disponible,requiere_confirmacion,65.4,alta,mixto,False,alta,evidencia_temporal_disponible,balance_negativo,ninguna_relevante_para_el_periodo,La ventana entre 2026-04-01 y 2026-06-30 muestra un balance de -10781000 COP y una cobertura estimada de 2.48 meses. Este resultado describe el periodo y no a la persona.,test,0.95,23.38,65.4,0.0,9.86,0.39,0.0,4,4,0,0,6,estabilidad_observada,aumento_observado
VEN_0190_3,PERF_0190,2026-06-30,2026-04-01,2026-06-30,variable_resiliente,variable_resiliente,saludable,calculado,97.76,baja,mixto,True,alta,balance_no_negativo,sin_factor_dominante,ninguna_relevante_para_el_periodo,La ventana entre 2026-04-01 y 2026-06-30 muestra un balance de 7837000 COP y una cobertura estimada de 6.05 meses. Este resultado describe el periodo y no a la persona.,train,0.0,0.17,0.0,1.71,0.0,0.35,97.76,3,2,1,0,4,aumento_observado,estabilidad_observada
VEN_0187_3,PERF_0187,2026-06-30,2026-04-01,2026-06-30,situacion_critica,situacion_critica,en_riesgo,calculado,100.0,baja,sin_ingresos,False,alta,evidencia_temporal_disponible,balance_negativo,motivo_de_periodos_sin_ingreso,La ventana entre 2026-04-01 y 2026-06-30 muestra un balance de -15353000 COP y una cobertura estimada de 0.00 meses. Este resultado describe el periodo y no a la persona.,test,100.0,0.0,0.0,0.0,0.0,0.0,0.0,1,1,0,0,1,evidencia_insuficiente,estabilidad_observada
VEN_0166_3,PERF_0166,2026-06-30,2026-04-01,2026-06-30,situacion_critica,situacion_critica,en_riesgo,calculado,96.04,baja,estacional,False,alta,evidencia_temporal_disponible,balance_negativo,motivo_de_periodos_sin_ingreso,La ventana entre 2026-04-01 y 2026-06-30 muestra un balance de -7401000 COP y una cobertura estimada de 0.00 meses. Este resultado describe el periodo y no a la persona.,train,96.04,2.05,0.45,0.0,1.47,0.0,0.0,2,2,0,0,6,disminucion_observada,estabilidad_observada
VEN_0193_3,PERF_0193,2026-06-30,2026-04-01,2026-06-30,fragilidad_sostenida,fragilidad_sostenida,en_riesgo,calculado,75.6,baja,variable,False,alta,evidencia_temporal_disponible,balance_negativo,ninguna_relevante_para_el_periodo,La ventana entre 2026-04-01 y 2026-06-30 muestra un balance de -7833000 COP y una cobertura estimada de 0.98 meses. Este resultado describe el periodo y no a la persona.,train,0.75,75.6,4.27,0.0,19.18,0.21,0.0,2,2,0,0,1,disminucion_observada,aumento_observado
VEN_0174_3,PERF_0174,2026-06-30,2026-04-01,2026-06-30,situacion_critica,situacion_critica,en_riesgo,calculado,98.83,baja,estacional,False,alta,evidencia_temporal_disponible,balance_negativo,motivo_de_periodos_sin_ingreso,La ventana entre 2026-04-01 y 2026-06-30 muestra un balance de -31810000 COP y una cobertura estimada de 0.00 meses. Este resultado describe el periodo y no a la persona.,train,98.83,0.34,0.83,0.0,0.0,0.0,0.0,2,2,0,0,2,estabilidad_observada,disminucion_observada
VEN_0159_3,PERF_0159,2026-06-30,2026-04-01,2026-06-30,situacion_critica,situacion_critica,en_riesgo,calculado,99.75,baja,fijo,True,alta,evidencia_temporal_disponible,balance_negativo,ninguna_relevante_para_el_periodo,La ventana entre 2026-04-01 y 2026-06-30 muestra un balance de -10749000 COP y una cobertura estimada de 0.00 meses. Este resultado describe el periodo y no a la persona.,train,99.75,0.17,0.09,0.0,0.0,0.0,0.0,2,2,0,0,5,evidencia_insuficiente,aumento_observado
VEN_0154_3,PERF_0154,2026-06-30,2026-04-01,2026-06-30,situacion_critica,situacion_critica,en_riesgo,calculado,99.67,baja,estacional,True,alta,evidencia_temporal_disponible,balance_negativo,motivo_de_periodos_sin_ingreso,La ventana entre 2026-04-01 y 2026-06-30 muestra un balance de -43555000 COP y una cobertura estimada de 0.00 meses. Este resultado describe el periodo y no a la persona.,train,99.67,0.19,0.13,0.0,0.0,0.0,0.0,3,3,0,0,3,estabilidad_observada,estabilidad_observada
VEN_0158_3,PERF_0158,2026-06-30,2026-04-01,2026-06-30,situacion_critica,situacion_critica,en_riesgo,calculado,99.85,baja,sin_ingresos,False,alta,evidencia_temporal_disponible,balance_negativo,motivo_de_periodos_sin_ingreso,La ventana entre 2026-04-01 y 2026-06-30 muestra un balance de -28449000 COP y una cobertura estimada de 0.00 meses. Este resultado describe el periodo y no a la persona.,train,99.85,0.15,0.0,0.0,0.0,0.0,0.0,2,2,0,0,8,evidencia_insuficiente,aumento_observado
VEN_0188_3,PERF_0188,2026-06-30,2026-04-01,2026-06-30,situacion_critica,situacion_critica,en_riesgo,calculado,97.96,baja,mixto,True,alta,evidencia_temporal_disponible,balance_negativo,ninguna_relevante_para_el_periodo,La ventana entre 2026-04-01 y 2026-06-30 muestra un balance de -13939000 COP y una cobertura estimada de 0.00 meses. Este resultado describe el periodo y no a la persona.,validation,97.96,1.58,0.31,0.0,0.16,0.0,0.0,2,2,0,0,4,aumento_observado,estabilidad_observada
VEN_0194_3,PERF_0194,2026-06-30,2026-04-01,2026-06-30,fragilidad_sostenida,fragilidad_sostenida,en_riesgo,calculado,89.72,baja,variable,True,alta,evidencia_temporal_disponible,balance_negativo,ninguna_relevante_para_el_periodo,La ventana entre 2026-04-01 y 2026-06-30 muestra un balance de -2764000 COP y una cobertura estimada de 0.33 meses. Este resultado describe el periodo y no a la persona.,validation,0.5,89.72,3.97,0.1,5.29,0.18,0.25,3,2,1,0,6,estabilidad_observada,estabilidad_observada
VEN_0185_3,PERF_0185,2026-06-30,2026-04-01,2026-06-30,situacion_critica,situacion_critica,en_riesgo,calculado,99.83,baja,fijo,True,alta,evidencia_temporal_disponible,balance_negativo,ninguna_relevante_para_el_periodo,La ventana entre 2026-04-01 y 2026-06-30 muestra un balance de -13180000 COP y una cobertura estimada de 0.00 meses. Este resultado describe el periodo y no a la persona.,test,99.83,0.17,0.0,0.0,0.0,0.0,0.0,5,3,2,0,0,evidencia_insuficiente,disminucion_observada
VEN_0173_3,PERF_0173,2026-06-30,2026-04-01,2026-06-30,situacion_critica,situacion_critica,en_riesgo,calculado,99.86,baja,apoyo,True,alta,evidencia_temporal_disponible,balance_negativo,motivo_de_periodos_sin_ingreso,La ventana entre 2026-04-01 y 2026-06-30 muestra un balance de -12310000 COP y una cobertura estimada de 0.00 meses. Este resultado describe el periodo y no a la persona.,train,99.86,0.14,0.0,0.0,0.0,0.0,0.0,2,2,0,0,1,evidencia_insuficiente,estabilidad_observada
VEN_0180_3,PERF_0180,2026-06-30,2026-04-01,2026-06-30,situacion_critica,situacion_critica,en_riesgo,calculado,100.0,baja,fijo,False,alta,evidencia_temporal_disponible,balance_negativo,ninguna_relevante_para_el_periodo,La ventana entre 2026-04-01 y 2026-06-30 muestra un balance de -17137000 COP y una cobertura estimada de 0.00 meses. Este resultado describe el periodo y no a la persona.,train,100.0,0.0,0.0,0.0,0.0,0.0,0.0,4,3,1,0,1,estabilidad_observada,estabilidad_observada
VEN_0169_3,PERF_0169,2026-06-30,2026-04-01,2026-06-30,fragilidad_sostenida,fragilidad_sostenida,en_riesgo,calculado,80.64,baja,fijo,True,alta,evidencia_temporal_disponible,balance_negativo,ninguna_relevante_para_el_periodo,La ventana entre 2026-04-01 y 2026-06-30 muestra un balance de -2463000 COP y una cobertura estimada de 1.86 meses. Este resultado describe el periodo y no a la persona.,train,1.2,80.64,14.69,0.12,3.24,0.11,0.0,2,2,0,0,1,evidencia_insuficiente,estabilidad_observada
VEN_0156_3,PERF_0156,2026-06-30,2026-04-01,2026-06-30,equilibrio_sostenible,equilibrio_sostenible,saludable,calculado,84.73,baja,variable,True,alta,balance_no_negativo,sin_factor_dominante,ninguna_relevante_para_el_periodo,La ventana entre 2026-04-01 y 2026-06-30 muestra un balance de 1239000 COP y una cobertura estimada de 1.89 meses. Este resultado describe el periodo y no a la persona.,train,0.0,0.2,0.34,12.34,0.0,84.73,2.41,3,2,1,0,3,disminucion_observada,disminucion_observada
VEN_0153_3,PERF_0153,2026-06-30,2026-04-01,2026-06-30,situacion_critica,situacion_critica,en_riesgo,calculado,100.0,baja,apoyo,False,alta,evidencia_temporal_disponible,balance_negativo,motivo_de_periodos_sin_ingreso,La ventana entre 2026-04-01 y 2026-06-30 muestra un balance de -23150000 COP y una cobertura estimada de 0.00 meses. Este resultado describe el periodo y no a la persona.,validation,100.0,0.0,0.0,0.0,0.0,0.0,0.0,3,3,0,0,3,aumento_observado,disminucion_observada
VEN_0100_3,PERF_0100,2026-06-30,2026-04-01,2026-06-30,situacion_critica,situacion_critica,en_riesgo,calculado,99.2,baja,fijo,True,alta,evidencia_temporal_disponible,balance_negativo,ninguna_relevante_para_el_periodo,La ventana entre 2026-04-01 y 2026-06-30 muestra un balance de -5550000 COP y una cobertura estimada de 0.00 meses. Este resultado describe el periodo y no a la persona.,train,99.2,0.66,0.14,0.0,0.0,0.0,0.0,2,2,0,0,4,aumento_observado,estabilidad_observada
VEN_0149_3,PERF_0149,2026-06-30,2026-04-01,2026-06-30,fragilidad_sostenida,fragilidad_sostenida,en_riesgo,calculado,96.83,baja,fijo,True,alta,evidencia_temporal_disponible,balance_negativo,ninguna_relevante_para_el_periodo,La ventana entre 2026-04-01 y 2026-06-30 muestra un balance de -6786000 COP y una cobertura estimada de 0.20 meses. Este resultado describe el periodo y no a la persona.,train,1.67,96.83,1.1,0.0,0.4,0.0,0.0,3,2,1,0,3,evidencia_insuficiente,disminucion_observada
VEN_0052_3,PERF_0052,2026-06-30,2026-04-01,2026-06-30,fragilidad_sostenida,fragilidad_sostenida,en_riesgo,calculado,89.0,baja,estacional,False,alta,evidencia_temporal_disponible,balance_negativo,motivo_de_periodos_sin_ingreso,La ventana entre 2026-04-01 y 2026-06-30 muestra un balance de -9643000 COP y una cobertura estimada de 0.35 meses. Este resultado describe el periodo y no a la persona.,train,2.78,89.0,5.16,0.11,2.9,0.06,0.0,3,2,1,0,3,disminucion_observada,estabilidad_observada
VEN_0051_3,PERF_0051,2026-06-30,2026-04-01,2026-06-30,acumulacion_estable,acumulacion_estable,saludable,calculado,69.82,media,variable,True,alta,balance_no_negativo,sin_factor_dominante,ninguna_relevante_para_el_periodo,La ventana entre 2026-04-01 y 2026-06-30 muestra un balance de 3078000 COP y una cobertura estimada de 5.27 meses. Este resultado describe el periodo y no a la persona.,test,0.0,0.11,0.61,69.82,0.15,24.97,4.34,3,2,1,0,2,estabilidad_observada,disminucion_observada
VEN_0050_3,PERF_0050,2026-06-30,2026-04-01,2026-06-30,variable_resiliente,variable_resiliente,saludable,calculado,68.92,media,estacional,True,alta,balance_no_negativo,sin_factor_dominante,motivo_de_periodos_sin_ingreso,La ventana entre 2026-04-01 y 2026-06-30 muestra un balance de 1557000 COP y una cobertura estimada de 5.54 meses. Este resultado describe el periodo y no a la persona.,test,0.0,0.8,4.03,18.88,1.25,6.12,68.92,2,2,0,0,3,estabilidad_observada,disminucion_observada
VEN_0049_3,PERF_0049,2026-06-30,2026-04-01,2026-06-30,situacion_critica,situacion_critica,en_riesgo,calculado,100.0,baja,variable,True,alta,evidencia_temporal_disponible,balance_negativo,ninguna_relevante_para_el_periodo,La ventana entre 2026-04-01 y 2026-06-30 muestra un balance de -27311000 COP y una cobertura estimada de 0.00 meses. Este resultado describe el periodo y no a la persona.,train,100.0,0.0,0.0,0.0,0.0,0.0,0.0,2,1,1,0,3,estabilidad_observada,estabilidad_observada
VEN_0048_3,PERF_0048,2026-06-30,2026-04-01,2026-06-30,situacion_critica,situacion_critica,en_riesgo,calculado,100.0,baja,variable,True,alta,evidencia_temporal_disponible,balance_negativo,ninguna_relevante_para_el_periodo,La ventana entre 2026-04-01 y 2026-06-30 muestra un balance de -15982000 COP y una cobertura estimada de 0.00 meses. Este resultado describe el periodo y no a la persona.,train,100.0,0.0,0.0,0.0,0.0,0.0,0.0,2,1,1,0,5,aumento_observado,disminucion_observada
VEN_0047_3,PERF_0047,2026-06-30,2026-04-01,2026-06-30,situacion_critica,situacion_critica,en_riesgo,calculado,99.85,baja,fijo,True,alta,evidencia_temporal_disponible,balance_negativo,ninguna_relevante_para_el_periodo,La ventana entre 2026-04-01 y 2026-06-30 muestra un balance de -16637000 COP y una cobertura estimada de 0.00 meses. Este resultado describe el periodo y no a la persona.,train,99.85,0.0,0.15,0.0,0.0,0.0,0.0,2,2,0,0,5,evidencia_insuficiente,aumento_observado
VEN_0053_3,PERF_0053,2026-06-30,2026-04-01,2026-06-30,fragilidad_sostenida,fragilidad_sostenida,en_riesgo,calculado,89.58,baja,estacional,True,alta,evidencia_temporal_disponible,balance_negativo,motivo_de_periodos_sin_ingreso,La ventana entre 2026-04-01 y 2026-06-30 muestra un balance de -12143000 COP y una cobertura estimada de 0.72 meses. Este resultado describe el periodo y no a la persona.,train,2.36,89.58,2.21,0.0,5.85,0.0,0.0,1,1,0,0,9,disminucion_observada,aumento_observado
VEN_0046_3,PERF_0046,2026-06-30,2026-04-01,2026-06-30,situacion_critica,situacion_critica,en_riesgo,calculado,100.0,baja,fijo,True,alta,evidencia_temporal_disponible,balance_negativo,ninguna_relevante_para_el_periodo,La ventana entre 2026-04-01 y 2026-06-30 muestra un balance de -14133000 COP y una cobertura estimada de 0.00 meses. Este resultado describe el periodo y no a la persona.,train,100.0,0.0,0.0,0.0,0.0,0.0,0.0,2,2,0,0,9,evidencia_insuficiente,aumento_observado
VEN_0044_3,PERF_0044,2026-06-30,2026-04-01,2026-06-30,situacion_critica,situacion_critica,en_riesgo,calculado,99.8,baja,fijo,True,alta,evidencia_temporal_disponible,balance_negativo,ninguna_relevante_para_el_periodo,La ventana entre 2026-04-01 y 2026-06-30 muestra un balance de -19980000 COP y una cobertura estimada de 0.00 meses. Este resultado describe el periodo y no a la persona.,test,99.8,0.2,0.0,0.0,0.0,0.0,0.0,3,3,0,0,2,evidencia_insuficiente,estabilidad_observada
VEN_0043_3,PERF_0043,2026-06-30,2026-04-01,2026-06-30,situacion_critica,situacion_critica,en_riesgo,calculado,99.47,baja,fijo,True,alta,evidencia_temporal_disponible,balance_negativo,ninguna_relevante_para_el_periodo,La ventana entre 2026-04-01 y 2026-06-30 muestra un balance de -8034000 COP y una cobertura estimada de 0.00 meses. Este resultado describe el periodo y no a la persona.,test,99.47,0.36,0.17,0.0,0.0,0.0,0.0,3,2,1,0,0,evidencia_insuficiente,estabilidad_observada
VEN_0042_3,PERF_0042,2026-06-30,2026-04-01,2026-06-30,situacion_critica,situacion_critica,en_riesgo,calculado,100.0,baja,mixto,False,alta,evidencia_temporal_disponible,balance_negativo,ninguna_relevante_para_el_periodo,La ventana entre 2026-04-01 y 2026-06-30 muestra un balance de -36993000 COP y una cobertura estimada de 0.00 meses. Este resultado describe el periodo y no a la persona.,train,100.0,0.0,0.0,0.0,0.0,0.0,0.0,6,5,1,0,7,aumento_observado,estabilidad_observada
VEN_0041_3,PERF_0041,2026-06-30,2026-04-01,2026-06-30,situacion_critica,situacion_critica,en_riesgo,calculado,99.37,baja,mixto,False,alta,evidencia_temporal_disponible,balance_negativo,ninguna_relevante_para_el_periodo,La ventana entre 2026-04-01 y 2026-06-30 muestra un balance de -20871000 COP y una cobertura estimada de 0.00 meses. Este resultado describe el periodo y no a la persona.,test,99.37,0.63,0.0,0.0,0.0,0.0,0.0,3,3,0,0,1,aumento_observado,disminucion_observada
VEN_0040_3,PERF_0040,2026-06-30,2026-04-01,2026-06-30,situacion_critica,situacion_critica,en_riesgo,calculado,98.38,baja,estacional,False,alta,evidencia_temporal_disponible,balance_negativo,motivo_de_periodos_sin_ingreso,La ventana entre 2026-04-01 y 2026-06-30 muestra un balance de -4208000 COP y una cobertura estimada de 0.00 meses. Este resultado describe el periodo y no a la persona.,validation,98.38,1.25,0.02,0.0,0.35,0.0,0.0,1,1,0,0,4,disminucion_observada,estabilidad_observada
VEN_0039_3,PERF_0039,2026-06-30,2026-04-01,2026-06-30,fragilidad_sostenida,fragilidad_sostenida,en_riesgo,calculado,71.33,media,variable,True,alta,evidencia_temporal_disponible,balance_negativo,ninguna_relevante_para_el_periodo,La ventana entre 2026-04-01 y 2026-06-30 muestra un balance de -9874000 COP y una cobertura estimada de 1.40 meses. Este resultado describe el periodo y no a la persona.,test,3.13,71.33,6.89,0.0,18.46,0.0,0.2,2,2,0,0,6,disminucion_observada,aumento_observado
VEN_0045_3,PERF_0045,2026-06-30,2026-04-01,2026-06-30,situacion_critica,situacion_critica,en_riesgo,calculado,99.86,baja,apoyo,True,alta,evidencia_temporal_disponible,balance_negativo,motivo_de_periodos_sin_ingreso,La ventana entre 2026-04-01 y 2026-06-30 muestra un balance de -6582000 COP y una cobertura estimada de 0.00 meses. Este resultado describe el periodo y no a la persona.,train,99.86,0.14,0.0,0.0,0.0,0.0,0.0,3,2,1,0,3,evidencia_insuficiente,estabilidad_observada
VEN_0054_3,PERF_0054,2026-06-30,2026-04-01,2026-06-30,situacion_critica,situacion_critica,en_riesgo,calculado,100.0,baja,apoyo,True,alta,evidencia_temporal_disponible,balance_negativo,motivo_de_periodos_sin_ingreso,La ventana entre 2026-04-01 y 2026-06-30 muestra un balance de -22467000 COP y una cobertura estimada de 0.00 meses. Este resultado describe el periodo y no a la persona.,train,100.0,0.0,0.0,0.0,0.0,0.0,0.0,3,3,0,0,1,aumento_observado,aumento_observado
VEN_0055_3,PERF_0055,2026-06-30,2026-04-01,2026-06-30,situacion_critica,situacion_critica,en_riesgo,calculado,99.96,baja,fijo,True,alta,evidencia_temporal_disponible,balance_negativo,ninguna_relevante_para_el_periodo,La ventana entre 2026-04-01 y 2026-06-30 muestra un balance de -18140000 COP y una cobertura estimada de 0.00 meses. Este resultado describe el periodo y no a la persona.,train,99.96,0.04,0.0,0.0,0.0,0.0,0.0,3,2,1,0,2,aumento_observado,estabilidad_observada
VEN_0056_3,PERF_0056,2026-06-30,2026-04-01,2026-06-30,situacion_critica,situacion_critica,en_riesgo,calculado,99.77,baja,fijo,True,alta,evidencia_temporal_disponible,balance_negativo,ninguna_relevante_para_el_periodo,La ventana entre 2026-04-01 y 2026-06-30 muestra un balance de -26740000 COP y una cobertura estimada de 0.00 meses. Este resultado describe el periodo y no a la persona.,train,99.77,0.23,0.0,0.0,0.0,0.0,0.0,3,2,1,0,1,aumento_observado,estabilidad_observada
VEN_0071_3,PERF_0071,2026-06-30,2026-04-01,2026-06-30,situacion_critica,situacion_critica,en_riesgo,calculado,99.46,baja,sin_ingresos,True,alta,evidencia_temporal_disponible,balance_negativo,motivo_de_periodos_sin_ingreso,La ventana entre 2026-04-01 y 2026-06-30 muestra un balance de -20786000 COP y una cobertura estimada de 0.00 meses. Este resultado describe el periodo y no a la persona.,validation,99.46,0.42,0.13,0.0,0.0,0.0,0.0,1,1,0,0,5,evidencia_insuficiente,disminucion_observada
VEN_0070_3,PERF_0070,2026-06-30,2026-04-01,2026-06-30,situacion_critica,situacion_critica,en_riesgo,calculado,100.0,baja,variable,False,alta,evidencia_temporal_disponible,balance_negativo,ninguna_relevante_para_el_periodo,La ventana entre 2026-04-01 y 2026-06-30 muestra un balance de -27759000 COP y una cobertura estimada de 0.00 meses. Este resultado describe el periodo y no a la persona.,train,100.0,0.0,0.0,0.0,0.0,0.0,0.0,3,3,0,0,1,disminucion_observada,estabilidad_observada
VEN_0069_3,PERF_0069,2026-06-30,2026-04-01,2026-06-30,situacion_critica,situacion_critica,en_riesgo,calculado,99.65,baja,variable,False,alta,evidencia_temporal_disponible,balance_negativo,ninguna_relevante_para_el_periodo,La ventana entre 2026-04-01 y 2026-06-30 muestra un balance de -16942000 COP y una cobertura estimada de 0.00 meses. Este resultado describe el periodo y no a la persona.,validation,99.65,0.17,0.0,0.0,0.18,0.0,0.0,2,2,0,0,6,disminucion_observada,estabilidad_observada
VEN_0068_3,PERF_0068,2026-06-30,2026-04-01,2026-06-30,fragilidad_sostenida,fragilidad_sostenida,en_riesgo,calculado,67.28,media,variable,True,alta,evidencia_temporal_disponible,balance_negativo,ninguna_relevante_para_el_periodo,La ventana entre 2026-04-01 y 2026-06-30 muestra un balance de -2396000 COP y una cobertura estimada de 0.80 meses. Este resultado describe el periodo y no a la persona.,train,0.34,67.28,21.46,0.0,3.8,6.18,0.94,2,2,0,0,6,aumento_observado,estabilidad_observada
VEN_0067_3,PERF_0067,2026-06-30,2026-04-01,2026-06-30,situacion_critica,situacion_critica,en_riesgo,calculado,100.0,baja,fijo,True,alta,evidencia_temporal_disponible,balance_negativo,ninguna_relevante_para_el_periodo,La ventana entre 2026-04-01 y 2026-06-30 muestra un balance de -27988000 COP y una cobertura estimada de 0.00 meses. Este resultado describe el periodo y no a la persona.,validation,100.0,0.0,0.0,0.0,0.0,0.0,0.0,2,2,0,0,3,evidencia_insuficiente,aumento_observado
VEN_0066_3,PERF_0066,2026-06-30,2026-04-01,2026-06-30,situacion_critica,situacion_critica,en_riesgo,calculado,99.83,baja,sin_ingresos,True,alta,evidencia_temporal_disponible,balance_negativo,motivo_de_periodos_sin_ingreso,La ventana entre 2026-04-01 y 2026-06-30 muestra un balance de -19056000 COP y una cobertura estimada de 0.00 meses. Este resultado describe el periodo y no a la persona.,validation,99.83,0.12,0.04,0.0,0.0,0.0,0.0,1,1,0,0,2,evidencia_insuficiente,estabilidad_observada
VEN_0065_3,PERF_0065,2026-06-30,2026-04-01,2026-06-30,situacion_critica,situacion_critica,en_riesgo,calculado,99.86,baja,fijo,False,alta,evidencia_temporal_disponible,balance_negativo,ninguna_relevante_para_el_periodo,La ventana entre 2026-04-01 y 2026-06-30 muestra un balance de -13704000 COP y una cobertura estimada de 0.00 meses. Este resultado describe el periodo y no a la persona.,train,99.86,0.14,0.0,0.0,0.0,0.0,0.0,4,4,0,0,0,evidencia_insuficiente,disminucion_observada
VEN_0064_3,PERF_0064,2026-06-30,2026-04-01,2026-06-30,variable_resiliente,variable_resiliente,saludable,calculado,96.3,baja,mixto,True,alta,balance_no_negativo,sin_factor_dominante,ninguna_relevante_para_el_periodo,La ventana entre 2026-04-01 y 2026-06-30 muestra un balance de 6193000 COP y una cobertura estimada de 5.91 meses. Este resultado describe el periodo y no a la persona.,validation,0.0,0.0,0.0,2.25,0.0,1.45,96.3,2,2,0,0,3,aumento_observado,disminucion_observada
VEN_0063_3,PERF_0063,2026-06-30,2026-04-01,2026-06-30,situacion_critica,situacion_critica,en_riesgo,calculado,100.0,baja,mixto,True,alta,evidencia_temporal_disponible,balance_negativo,ninguna_relevante_para_el_periodo,La ventana entre 2026-04-01 y 2026-06-30 muestra un balance de -28228000 COP y una cobertura estimada de 0.00 meses. Este resultado describe el periodo y no a la persona.,train,100.0,0.0,0.0,0.0,0.0,0.0,0.0,5,4,1,0,1,disminucion_observada,aumento_observado
VEN_0062_3,PERF_0062,2026-06-30,2026-04-01,2026-06-30,situacion_critica,situacion_critica,en_riesgo,calculado,99.8,baja,fijo,True,alta,evidencia_temporal_disponible,balance_negativo,ninguna_relevante_para_el_periodo,La ventana entre 2026-04-01 y 2026-06-30 muestra un balance de -19424000 COP y una cobertura estimada de 0.00 meses. Este resultado describe el periodo y no a la persona.,train,99.8,0.2,0.0,0.0,0.0,0.0,0.0,2,2,0,0,3,aumento_observado,aumento_observado
VEN_0061_3,PERF_0061,2026-06-30,2026-04-01,2026-06-30,situacion_critica,situacion_critica,en_riesgo,calculado,97.87,baja,estacional,True,alta,evidencia_temporal_disponible,balance_negativo,motivo_de_periodos_sin_ingreso,La ventana entre 2026-04-01 y 2026-06-30 muestra un balance de -16126000 COP y una cobertura estimada de 0.00 meses. Este resultado describe el periodo y no a la persona.,train,97.87,1.63,0.15,0.0,0.35,0.0,0.0,2,1,1,0,3,evidencia_insuficiente,estabilidad_observada
VEN_0060_3,PERF_0060,2026-06-30,2026-04-01,2026-06-30,situacion_critica,situacion_critica,en_riesgo,calculado,100.0,baja,apoyo,True,alta,evidencia_temporal_disponible,balance_negativo,motivo_de_periodos_sin_ingreso,La ventana entre 2026-04-01 y 2026-06-30 muestra un balance de -16816000 COP y una cobertura estimada de 0.00 meses. Este resultado describe el periodo y no a la persona.,validation,100.0,0.0,0.0,0.0,0.0,0.0,0.0,2,2,0,0,2,estabilidad_observada,aumento_observado
VEN_0059_3,PERF_0059,2026-06-30,2026-04-01,2026-06-30,situacion_critica,situacion_critica,en_riesgo,calculado,98.05,baja,fijo,False,alta,evidencia_temporal_disponible,balance_negativo,ninguna_relevante_para_el_periodo,La ventana entre 2026-04-01 y 2026-06-30 muestra un balance de -4913000 COP y una cobertura estimada de 0.00 meses. Este resultado describe el periodo y no a la persona.,test,98.05,1.95,0.0,0.0,0.0,0.0,0.0,4,2,2,0,4,aumento_observado,disminucion_observada
VEN_0058_3,PERF_0058,2026-06-30,2026-04-01,2026-06-30,equilibrio_sostenible,equilibrio_sostenible,saludable,calculado,96.23,baja,fijo,True,alta,balance_no_negativo,sin_factor_dominante,ninguna_relevante_para_el_periodo,La ventana entre 2026-04-01 y 2026-06-30 muestra un balance de 1302000 COP y una cobertura estimada de 2.04 meses. Este resultado describe el periodo y no a la persona.,validation,0.0,0.06,1.21,1.87,0.0,96.23,0.63,3,2,1,0,0,disminucion_observada,disminucion_observada
VEN_0057_3,PERF_0057,2026-06-30,2026-04-01,2026-06-30,acumulacion_estable,acumulacion_estable,saludable,calculado,93.72,baja,variable,True,alta,balance_no_negativo,sin_factor_dominante,ninguna_relevante_para_el_periodo,La ventana entre 2026-04-01 y 2026-06-30 muestra un balance de 11262000 COP y una cobertura estimada de 6.34 meses. Este resultado describe el periodo y no a la persona.,train,0.0,0.0,0.19,93.72,0.0,1.79,4.29,2,2,0,0,2,estabilidad_observada,estabilidad_observada
VEN_0038_3,PERF_0038,2026-06-30,2026-04-01,2026-06-30,uso_planificado_reserva,estado_incierto,no_disponible,requiere_confirmacion,75.77,alta,fijo,False,alta,evidencia_temporal_disponible,balance_negativo,ninguna_relevante_para_el_periodo,La ventana entre 2026-04-01 y 2026-06-30 muestra un balance de -8785000 COP y una cobertura estimada de 2.25 meses. Este resultado describe el periodo y no a la persona.,train,0.21,18.68,75.77,0.16,4.27,0.83,0.07,4,3,1,0,4,disminucion_observada,estabilidad_observada
VEN_0037_3,PERF_0037,2026-06-30,2026-04-01,2026-06-30,variable_resiliente,variable_resiliente,saludable,calculado,85.67,baja,mixto,True,alta,balance_no_negativo,sin_factor_dominante,ninguna_relevante_para_el_periodo,La ventana entre 2026-04-01 y 2026-06-30 muestra un balance de 611000 COP y una cobertura estimada de 1.27 meses. Este resultado describe el periodo y no a la persona.,train,0.0,1.57,0.25,1.7,0.0,10.81,85.67,2,2,0,0,1,aumento_observado,disminucion_observada
VEN_0036_3,PERF_0036,2026-06-30,2026-04-01,2026-06-30,variable_resiliente,variable_resiliente,saludable,calculado,87.45,baja,estacional,True,alta,balance_no_negativo,sin_factor_dominante,motivo_de_periodos_sin_ingreso,La ventana entre 2026-04-01 y 2026-06-30 muestra un balance de 1971000 COP y una cobertura estimada de 6.54 meses. Este resultado describe el periodo y no a la persona.,train,0.0,1.12,0.74,8.6,0.4,1.69,87.45,3,2,1,0,2,aumento_observado,disminucion_observada
VEN_0035_3,PERF_0035,2026-06-30,2026-04-01,2026-06-30,situacion_critica,situacion_critica,en_riesgo,calculado,100.0,baja,mixto,True,alta,evidencia_temporal_disponible,balance_negativo,ninguna_relevante_para_el_periodo,La ventana entre 2026-04-01 y 2026-06-30 muestra un balance de -8191000 COP y una cobertura estimada de 0.00 meses. Este resultado describe el periodo y no a la persona.,train,100.0,0.0,0.0,0.0,0.0,0.0,0.0,2,2,0,0,2,disminucion_observada,estabilidad_observada
VEN_0015_3,PERF_0015,2026-06-30,2026-04-01,2026-06-30,variable_resiliente,variable_resiliente,saludable,calculado,98.5,baja,mixto,False,alta,balance_no_negativo,sin_factor_dominante,ninguna_relevante_para_el_periodo,La ventana entre 2026-04-01 y 2026-06-30 muestra un balance de 6531000 COP y una cobertura estimada de 5.23 meses. Este resultado describe el periodo y no a la persona.,train,0.0,0.17,0.0,1.26,0.0,0.07,98.5,4,3,1,0,3,aumento_observado,disminucion_observada
VEN_0014_3,PERF_0014,2026-06-30,2026-04-01,2026-06-30,situacion_critica,situacion_critica,en_riesgo,calculado,100.0,baja,mixto,False,alta,evidencia_temporal_disponible,balance_negativo,ninguna_relevante_para_el_periodo,La ventana entre 2026-04-01 y 2026-06-30 muestra un balance de -25025000 COP y una cobertura estimada de 0.00 meses. Este resultado describe el periodo y no a la persona.,train,100.0,0.0,0.0,0.0,0.0,0.0,0.0,3,3,0,0,5,estabilidad_observada,disminucion_observada
VEN_0013_3,PERF_0013,2026-06-30,2026-04-01,2026-06-30,situacion_critica,situacion_critica,en_riesgo,calculado,100.0,baja,variable,False,alta,evidencia_temporal_disponible,balance_negativo,ninguna_relevante_para_el_periodo,La ventana entre 2026-04-01 y 2026-06-30 muestra un balance de -14595000 COP y una cobertura estimada de 0.00 meses. Este resultado describe el periodo y no a la persona.,train,100.0,0.0,0.0,0.0,0.0,0.0,0.0,1,1,0,0,0,estabilidad_observada,estabilidad_observada
VEN_0012_3,PERF_0012,2026-06-30,2026-04-01,2026-06-30,uso_planificado_reserva,estado_incierto,no_disponible,requiere_confirmacion,82.49,alta,mixto,False,alta,evidencia_temporal_disponible,balance_negativo,ninguna_relevante_para_el_periodo,La ventana entre 2026-04-01 y 2026-06-30 muestra un balance de -3112000 COP y una cobertura estimada de 3.16 meses. Este resultado describe el periodo y no a la persona.,validation,2.06,8.77,82.49,0.34,4.46,0.37,1.51,3,3,0,0,4,aumento_observado,estabilidad_observada
VEN_0011_3,PERF_0011,2026-06-30,2026-04-01,2026-06-30,deterioro_reciente,deterioro_reciente,en_observacion,calculado,61.68,media,variable,False,alta,evidencia_temporal_disponible,balance_negativo,ninguna_relevante_para_el_periodo,La ventana entre 2026-04-01 y 2026-06-30 muestra un balance de -17035000 COP y una cobertura estimada de 0.82 meses. Este resultado describe el periodo y no a la persona.,train,0.49,33.86,3.98,0.0,61.68,0.0,0.0,2,2,0,0,6,disminucion_observada,aumento_observado
VEN_0010_3,PERF_0010,2026-06-30,2026-04-01,2026-06-30,variable_resiliente,variable_resiliente,saludable,calculado,95.91,baja,variable,True,alta,balance_no_negativo,sin_factor_dominante,ninguna_relevante_para_el_periodo,La ventana entre 2026-04-01 y 2026-06-30 muestra un balance de 1893000 COP y una cobertura estimada de 4.07 meses. Este resultado describe el periodo y no a la persona.,train,0.0,0.08,0.19,3.15,0.0,0.67,95.91,2,2,0,0,3,aumento_observado,disminucion_observada
VEN_0009_3,PERF_0009,2026-06-30,2026-04-01,2026-06-30,equilibrio_sostenible,equilibrio_sostenible,saludable,calculado,89.44,baja,variable,True,alta,balance_no_negativo,sin_factor_dominante,ninguna_relevante_para_el_periodo,La ventana entre 2026-04-01 y 2026-06-30 muestra un balance de 869000 COP y una cobertura estimada de 2.33 meses. Este resultado describe el periodo y no a la persona.,train,0.0,0.41,0.09,8.33,0.16,89.44,1.58,2,2,0,0,5,estabilidad_observada,disminucion_observada
VEN_0008_3,PERF_0008,2026-06-30,2026-04-01,2026-06-30,fragilidad_sostenida,fragilidad_sostenida,en_riesgo,calculado,97.41,baja,fijo,True,alta,evidencia_temporal_disponible,balance_negativo,ninguna_relevante_para_el_periodo,La ventana entre 2026-04-01 y 2026-06-30 muestra un balance de -11238000 COP y una cobertura estimada de 0.60 meses. Este resultado describe el periodo y no a la persona.,train,1.31,97.41,0.28,0.0,1.0,0.0,0.0,2,2,0,0,0,evidencia_insuficiente,disminucion_observada
VEN_0007_3,PERF_0007,2026-06-30,2026-04-01,2026-06-30,situacion_critica,situacion_critica,en_riesgo,calculado,100.0,baja,apoyo,False,alta,evidencia_temporal_disponible,balance_negativo,motivo_de_periodos_sin_ingreso,La ventana entre 2026-04-01 y 2026-06-30 muestra un balance de -34166000 COP y una cobertura estimada de 0.00 meses. Este resultado describe el periodo y no a la persona.,train,100.0,0.0,0.0,0.0,0.0,0.0,0.0,4,3,1,0,2,aumento_observado,aumento_observado
VEN_0006_3,PERF_0006,2026-06-30,2026-04-01,2026-06-30,situacion_critica,situacion_critica,en_riesgo,calculado,100.0,baja,apoyo,False,alta,evidencia_temporal_disponible,balance_negativo,motivo_de_periodos_sin_ingreso,La ventana entre 2026-04-01 y 2026-06-30 muestra un balance de -26908000 COP y una cobertura estimada de 0.00 meses. Este resultado describe el periodo y no a la persona.,train,100.0,0.0,0.0,0.0,0.0,0.0,0.0,3,2,1,0,5,aumento_observado,disminucion_observada
VEN_0005_3,PERF_0005,2026-06-30,2026-04-01,2026-06-30,situacion_critica,situacion_critica,en_riesgo,calculado,99.53,baja,fijo,False,alta,evidencia_temporal_disponible,balance_negativo,ninguna_relevante_para_el_periodo,La ventana entre 2026-04-01 y 2026-06-30 muestra un balance de -9462000 COP y una cobertura estimada de 0.00 meses. Este resultado describe el periodo y no a la persona.,train,99.53,0.32,0.15,0.0,0.0,0.0,0.0,2,2,0,0,3,evidencia_insuficiente,aumento_observado
VEN_0004_3,PERF_0004,2026-06-30,2026-04-01,2026-06-30,deterioro_reciente,deterioro_reciente,en_observacion,calculado,72.79,media,variable,False,alta,evidencia_temporal_disponible,balance_negativo,ninguna_relevante_para_el_periodo,La ventana entre 2026-04-01 y 2026-06-30 muestra un balance de -12994000 COP y una cobertura estimada de 1.39 meses. Este resultado describe el periodo y no a la persona.,train,0.19,21.28,5.68,0.0,72.79,0.0,0.06,1,1,0,0,8,estabilidad_observada,aumento_observado
VEN_0003_3,PERF_0003,2026-06-30,2026-04-01,2026-06-30,variable_resiliente,variable_resiliente,saludable,calculado,98.67,baja,mixto,False,alta,balance_no_negativo,sin_factor_dominante,ninguna_relevante_para_el_periodo,La ventana entre 2026-04-01 y 2026-06-30 muestra un balance de 11930000 COP y una cobertura estimada de 5.25 meses. Este resultado describe el periodo y no a la persona.,train,0.0,0.04,0.0,1.29,0.0,0.0,98.67,2,2,0,0,1,aumento_observado,disminucion_observada
VEN_0002_3,PERF_0002,2026-06-30,2026-04-01,2026-06-30,fragilidad_sostenida,fragilidad_sostenida,en_riesgo,calculado,94.34,baja,fijo,True,alta,evidencia_temporal_disponible,balance_negativo,ninguna_relevante_para_el_periodo,La ventana entre 2026-04-01 y 2026-06-30 muestra un balance de -7569000 COP y una cobertura estimada de 1.35 meses. Este resultado describe el periodo y no a la persona.,train,0.6,94.34,3.68,0.0,1.39,0.0,0.0,2,2,0,0,0,evidencia_insuficiente,disminucion_observada
VEN_0001_3,PERF_0001,2026-06-30,2026-04-01,2026-06-30,variable_resiliente,variable_resiliente,saludable,calculado,94.03,baja,mixto,True,alta,balance_no_negativo,sin_factor_dominante,ninguna_relevante_para_el_periodo,La ventana entre 2026-04-01 y 2026-06-30 muestra un balance de 2828000 COP y una cobertura estimada de 1.98 meses. Este resultado describe el periodo y no a la persona.,train,0.0,0.39,0.04,0.49,0.0,5.05,94.03,3,2,1,0,5,aumento_observado,estabilidad_observada
VEN_0016_3,PERF_0016,2026-06-30,2026-04-01,2026-06-30,fragilidad_sostenida,fragilidad_sostenida,en_riesgo,calculado,89.83,baja,apoyo,False,alta,evidencia_temporal_disponible,balance_negativo,motivo_de_periodos_sin_ingreso,La ventana entre 2026-04-01 y 2026-06-30 muestra un balance de -10260000 COP y una cobertura estimada de 0.48 meses. Este resultado describe el periodo y no a la persona.,test,5.55,89.83,3.24,0.0,1.38,0.0,0.0,3,3,0,0,1,estabilidad_observada,disminucion_observada
VEN_0072_3,PERF_0072,2026-06-30,2026-04-01,2026-06-30,situacion_critica,situacion_critica,en_riesgo,calculado,99.69,baja,sin_ingresos,True,alta,evidencia_temporal_disponible,balance_negativo,motivo_de_periodos_sin_ingreso,La ventana entre 2026-04-01 y 2026-06-30 muestra un balance de -15865000 COP y una cobertura estimada de 0.00 meses. Este resultado describe el periodo y no a la persona.,train,99.69,0.31,0.0,0.0,0.0,0.0,0.0,3,2,1,0,2,evidencia_insuficiente,estabilidad_observada
VEN_0017_3,PERF_0017,2026-06-30,2026-04-01,2026-06-30,situacion_critica,situacion_critica,en_riesgo,calculado,99.83,baja,fijo,True,alta,evidencia_temporal_disponible,balance_negativo,ninguna_relevante_para_el_periodo,La ventana entre 2026-04-01 y 2026-06-30 muestra un balance de -9706000 COP y una cobertura estimada de 0.00 meses. Este resultado describe el periodo y no a la persona.,train,99.83,0.04,0.0,0.0,0.14,0.0,0.0,3,3,0,0,2,evidencia_insuficiente,estabilidad_observada
VEN_0019_3,PERF_0019,2026-06-30,2026-04-01,2026-06-30,situacion_critica,situacion_critica,en_riesgo,calculado,84.3,baja,variable,False,alta,evidencia_temporal_disponible,balance_negativo,ninguna_relevante_para_el_periodo,La ventana entre 2026-04-01 y 2026-06-30 muestra un balance de -1083000 COP y una cobertura estimada de 0.00 meses. Este resultado describe el periodo y no a la persona.,test,84.3,12.23,2.41,0.0,0.97,0.0,0.09,3,2,1,0,5,aumento_observado,estabilidad_observada
VEN_0034_3,PERF_0034,2026-06-30,2026-04-01,2026-06-30,situacion_critica,situacion_critica,en_riesgo,calculado,99.52,baja,estacional,True,alta,evidencia_temporal_disponible,balance_negativo,motivo_de_periodos_sin_ingreso,La ventana entre 2026-04-01 y 2026-06-30 muestra un balance de -20186000 COP y una cobertura estimada de 0.00 meses. Este resultado describe el periodo y no a la persona.,train,99.52,0.19,0.13,0.0,0.16,0.0,0.0,1,1,0,0,1,estabilidad_observada,estabilidad_observada
VEN_0033_3,PERF_0033,2026-06-30,2026-04-01,2026-06-30,uso_planificado_reserva,uso_planificado_reserva,en_observacion,calculado,73.49,media,variable,True,alta,evidencia_temporal_disponible,balance_negativo,ninguna_relevante_para_el_periodo,La ventana entre 2026-04-01 y 2026-06-30 muestra un balance de -1284000 COP y una cobertura estimada de 3.45 meses. Este resultado describe el periodo y no a la persona.,train,0.01,7.89,73.49,4.95,9.92,0.89,2.85,2,2,0,0,7,aumento_observado,estabilidad_observada
VEN_0032_3,PERF_0032,2026-06-30,2026-04-01,2026-06-30,situacion_critica,situacion_critica,en_riesgo,calculado,99.91,baja,fijo,True,alta,evidencia_temporal_disponible,balance_negativo,ninguna_relevante_para_el_periodo,La ventana entre 2026-04-01 y 2026-06-30 muestra un balance de -10627000 COP y una cobertura estimada de 0.00 meses. Este resultado describe el periodo y no a la persona.,test,99.91,0.0,0.09,0.0,0.0,0.0,0.0,2,2,0,0,7,disminucion_observada,aumento_observado
VEN_0031_3,PERF_0031,2026-06-30,2026-04-01,2026-06-30,uso_planificado_reserva,uso_planificado_reserva,en_observacion,calculado,88.53,baja,mixto,True,alta,evidencia_temporal_disponible,balance_negativo,ninguna_relevante_para_el_periodo,La ventana entre 2026-04-01 y 2026-06-30 muestra un balance de -7655000 COP y una cobertura estimada de 2.18 meses. Este resultado describe el periodo y no a la persona.,train,0.35,6.59,88.53,0.0,3.58,0.34,0.63,4,4,0,0,3,aumento_observado,estabilidad_observada
VEN_0030_3,PERF_0030,2026-06-30,2026-04-01,2026-06-30,situacion_critica,situacion_critica,en_riesgo,calculado,99.57,baja,sin_ingresos,False,alta,evidencia_temporal_disponible,balance_negativo,motivo_de_periodos_sin_ingreso,La ventana entre 2026-04-01 y 2026-06-30 muestra un balance de -6958000 COP y una cobertura estimada de 0.00 meses. Este resultado describe el periodo y no a la persona.,train,99.57,0.27,0.16,0.0,0.0,0.0,0.0,2,2,0,0,3,evidencia_insuficiente,disminucion_observada
VEN_0029_3,PERF_0029,2026-06-30,2026-04-01,2026-06-30,situacion_critica,situacion_critica,en_riesgo,calculado,99.96,baja,sin_ingresos,False,alta,evidencia_temporal_disponible,balance_negativo,motivo_de_periodos_sin_ingreso,La ventana entre 2026-04-01 y 2026-06-30 muestra un balance de -15528000 COP y una cobertura estimada de 0.00 meses. Este resultado describe el periodo y no a la persona.,train,99.96,0.0,0.04,0.0,0.0,0.0,0.0,2,2,0,0,3,evidencia_insuficiente,estabilidad_observada
VEN_0028_3,PERF_0028,2026-06-30,2026-04-01,2026-06-30,situacion_critica,situacion_critica,en_riesgo,calculado,100.0,baja,fijo,False,alta,evidencia_temporal_disponible,balance_negativo,ninguna_relevante_para_el_periodo,La ventana entre 2026-04-01 y 2026-06-30 muestra un balance de -37466000 COP y una cobertura estimada de 0.00 meses. Este resultado describe el periodo y no a la persona.,train,100.0,0.0,0.0,0.0,0.0,0.0,0.0,3,3,0,0,4,aumento_observado,estabilidad_observada
VEN_0027_3,PERF_0027,2026-06-30,2026-04-01,2026-06-30,situacion_critica,situacion_critica,en_riesgo,calculado,99.84,baja,apoyo,True,alta,evidencia_temporal_disponible,balance_negativo,motivo_de_periodos_sin_ingreso,La ventana entre 2026-04-01 y 2026-06-30 muestra un balance de -35106000 COP y una cobertura estimada de 0.00 meses. Este resultado describe el periodo y no a la persona.,train,99.84,0.16,0.0,0.0,0.0,0.0,0.0,2,2,0,0,1,evidencia_insuficiente,estabilidad_observada
VEN_0026_3,PERF_0026,2026-06-30,2026-04-01,2026-06-30,situacion_critica,situacion_critica,en_riesgo,calculado,99.86,baja,apoyo,True,alta,evidencia_temporal_disponible,balance_negativo,motivo_de_periodos_sin_ingreso,La ventana entre 2026-04-01 y 2026-06-30 muestra un balance de -15946000 COP y una cobertura estimada de 0.00 meses. Este resultado describe el periodo y no a la persona.,test,99.86,0.14,0.0,0.0,0.0,0.0,0.0,2,2,0,0,6,disminucion_observada,estabilidad_observada
VEN_0025_3,PERF_0025,2026-06-30,2026-04-01,2026-06-30,situacion_critica,situacion_critica,en_riesgo,calculado,99.76,baja,fijo,True,alta,evidencia_temporal_disponible,balance_negativo,ninguna_relevante_para_el_periodo,La ventana entre 2026-04-01 y 2026-06-30 muestra un balance de -22526000 COP y una cobertura estimada de 0.00 meses. Este resultado describe el periodo y no a la persona.,validation,99.76,0.24,0.0,0.0,0.0,0.0,0.0,4,4,0,0,4,evidencia_insuficiente,aumento_observado
VEN_0024_3,PERF_0024,2026-06-30,2026-04-01,2026-06-30,situacion_critica,situacion_critica,en_riesgo,calculado,89.72,baja,variable,False,alta,evidencia_temporal_disponible,balance_negativo,ninguna_relevante_para_el_periodo,La ventana entre 2026-04-01 y 2026-06-30 muestra un balance de -3392000 COP y una cobertura estimada de 0.00 meses. Este resultado describe el periodo y no a la persona.,train,89.72,7.39,1.68,0.0,0.94,0.27,0.0,1,1,0,0,3,disminucion_observada,estabilidad_observada
VEN_0023_3,PERF_0023,2026-06-30,2026-04-01,2026-06-30,variable_resiliente,variable_resiliente,saludable,calculado,92.55,baja,mixto,False,alta,balance_no_negativo,sin_factor_dominante,ninguna_relevante_para_el_periodo,La ventana entre 2026-04-01 y 2026-06-30 muestra un balance de 1234000 COP y una cobertura estimada de 3.60 meses. Este resultado describe el periodo y no a la persona.,train,0.0,0.12,0.41,5.58,0.0,1.34,92.55,2,2,0,0,1,aumento_observado,estabilidad_observada
VEN_0022_3,PERF_0022,2026-06-30,2026-04-01,2026-06-30,acumulacion_estable,acumulacion_estable,saludable,calculado,96.53,baja,variable,True,alta,balance_no_negativo,sin_factor_dominante,ninguna_relevante_para_el_periodo,La ventana entre 2026-04-01 y 2026-06-30 muestra un balance de 8777000 COP y una cobertura estimada de 4.93 meses. Este resultado describe el periodo y no a la persona.,train,0.0,0.2,0.22,96.53,0.0,0.89,2.16,1,1,0,0,2,estabilidad_observada,disminucion_observada
VEN_0021_3,PERF_0021,2026-06-30,2026-04-01,2026-06-30,situacion_critica,situacion_critica,en_riesgo,calculado,100.0,baja,mixto,True,alta,evidencia_temporal_disponible,balance_negativo,ninguna_relevante_para_el_periodo,La ventana entre 2026-04-01 y 2026-06-30 muestra un balance de -55605000 COP y una cobertura estimada de 0.00 meses. Este resultado describe el periodo y no a la persona.,train,100.0,0.0,0.0,0.0,0.0,0.0,0.0,2,2,0,0,6,aumento_observado,disminucion_observada
VEN_0020_3,PERF_0020,2026-06-30,2026-04-01,2026-06-30,situacion_critica,situacion_critica,en_riesgo,calculado,99.84,baja,mixto,True,alta,evidencia_temporal_disponible,balance_negativo,ninguna_relevante_para_el_periodo,La ventana entre 2026-04-01 y 2026-06-30 muestra un balance de -10035000 COP y una cobertura estimada de 0.00 meses. Este resultado describe el periodo y no a la persona.,train,99.84,0.16,0.0,0.0,0.0,0.0,0.0,3,2,1,0,0,aumento_observado,estabilidad_observada
VEN_0018_3,PERF_0018,2026-06-30,2026-04-01,2026-06-30,situacion_critica,situacion_critica,en_riesgo,calculado,100.0,baja,fijo,True,alta,evidencia_temporal_disponible,balance_negativo,ninguna_relevante_para_el_periodo,La ventana entre 2026-04-01 y 2026-06-30 muestra un balance de -32446000 COP y una cobertura estimada de 0.00 meses. Este resultado describe el periodo y no a la persona.,test,100.0,0.0,0.0,0.0,0.0,0.0,0.0,3,3,0,0,11,estabilidad_observada,aumento_observado
VEN_0073_3,PERF_0073,2026-06-30,2026-04-01,2026-06-30,situacion_critica,situacion_critica,en_riesgo,calculado,88.57,baja,variable,True,alta,evidencia_temporal_disponible,balance_negativo,ninguna_relevante_para_el_periodo,La ventana entre 2026-04-01 y 2026-06-30 muestra un balance de -4553000 COP y una cobertura estimada de 0.00 meses. Este resultado describe el periodo y no a la persona.,train,88.57,8.68,1.35,0.0,1.26,0.15,0.0,1,1,0,0,2,disminucion_observada,estabilidad_observada
VEN_0074_3,PERF_0074,2026-06-30,2026-04-01,2026-06-30,situacion_critica,situacion_critica,en_riesgo,calculado,99.32,baja,fijo,False,alta,evidencia_temporal_disponible,balance_negativo,ninguna_relevante_para_el_periodo,La ventana entre 2026-04-01 y 2026-06-30 muestra un balance de -16529000 COP y una cobertura estimada de 0.00 meses. Este resultado describe el periodo y no a la persona.,train,99.32,0.54,0.0,0.0,0.14,0.0,0.0,2,2,0,0,7,estabilidad_observada,aumento_observado
VEN_0075_3,PERF_0075,2026-06-30,2026-04-01,2026-06-30,fragilidad_sostenida,fragilidad_sostenida,en_riesgo,calculado,88.09,baja,variable,True,alta,evidencia_temporal_disponible,balance_negativo,ninguna_relevante_para_el_periodo,La ventana entre 2026-04-01 y 2026-06-30 muestra un balance de -1134000 COP y una cobertura estimada de 0.27 meses. Este resultado describe el periodo y no a la persona.,train,0.51,88.09,5.56,0.17,5.17,0.24,0.26,2,2,0,0,5,disminucion_observada,estabilidad_observada
VEN_0129_3,PERF_0129,2026-06-30,2026-04-01,2026-06-30,uso_planificado_reserva,uso_planificado_reserva,en_observacion,calculado,84.1,baja,variable,True,alta,evidencia_temporal_disponible,balance_negativo,ninguna_relevante_para_el_periodo,La ventana entre 2026-04-01 y 2026-06-30 muestra un balance de -3320000 COP y una cobertura estimada de 2.10 meses. Este resultado describe el periodo y no a la persona.,train,0.38,4.96,84.1,0.0,10.04,0.33,0.2,2,1,1,0,6,estabilidad_observada,estabilidad_observada
VEN_0128_3,PERF_0128,2026-06-30,2026-04-01,2026-06-30,situacion_critica,situacion_critica,en_riesgo,calculado,99.31,baja,fijo,False,alta,evidencia_temporal_disponible,balance_negativo,ninguna_relevante_para_el_periodo,La ventana entre 2026-04-01 y 2026-06-30 muestra un balance de -20835000 COP y una cobertura estimada de 0.00 meses. Este resultado describe el periodo y no a la persona.,train,99.31,0.56,0.13,0.0,0.0,0.0,0.0,3,2,1,0,1,evidencia_insuficiente,disminucion_observada
VEN_0127_3,PERF_0127,2026-06-30,2026-04-01,2026-06-30,variable_resiliente,variable_resiliente,saludable,calculado,83.62,baja,mixto,True,alta,balance_no_negativo,sin_factor_dominante,ninguna_relevante_para_el_periodo,La ventana entre 2026-04-01 y 2026-06-30 muestra un balance de 8678000 COP y una cobertura estimada de 7.45 meses. Este resultado describe el periodo y no a la persona.,train,0.0,0.14,0.36,14.67,0.0,1.21,83.62,3,3,0,0,4,aumento_observado,disminucion_observada
VEN_0126_3,PERF_0126,2026-06-30,2026-04-01,2026-06-30,situacion_critica,situacion_critica,en_riesgo,calculado,100.0,baja,mixto,False,alta,evidencia_temporal_disponible,balance_negativo,ninguna_relevante_para_el_periodo,La ventana entre 2026-04-01 y 2026-06-30 muestra un balance de -26793000 COP y una cobertura estimada de 0.00 meses. Este resultado describe el periodo y no a la persona.,train,100.0,0.0,0.0,0.0,0.0,0.0,0.0,5,3,2,0,2,disminucion_observada,estabilidad_observada
VEN_0125_3,PERF_0125,2026-06-30,2026-04-01,2026-06-30,situacion_critica,situacion_critica,en_riesgo,calculado,100.0,baja,variable,False,alta,evidencia_temporal_disponible,balance_negativo,ninguna_relevante_para_el_periodo,La ventana entre 2026-04-01 y 2026-06-30 muestra un balance de -17887000 COP y una cobertura estimada de 0.00 meses. Este resultado describe el periodo y no a la persona.,train,100.0,0.0,0.0,0.0,0.0,0.0,0.0,2,2,0,0,1,estabilidad_observada,estabilidad_observada
VEN_0124_3,PERF_0124,2026-06-30,2026-04-01,2026-06-30,fragilidad_sostenida,fragilidad_sostenida,en_riesgo,calculado,71.29,media,mixto,True,alta,evidencia_temporal_disponible,balance_negativo,ninguna_relevante_para_el_periodo,La ventana entre 2026-04-01 y 2026-06-30 muestra un balance de -2176000 COP y una cobertura estimada de 0.97 meses. Este resultado describe el periodo y no a la persona.,train,0.35,71.29,21.43,1.05,3.36,1.89,0.63,2,2,0,0,5,aumento_observado,aumento_observado
VEN_0123_3,PERF_0123,2026-06-30,2026-04-01,2026-06-30,fragilidad_sostenida,fragilidad_sostenida,en_riesgo,calculado,68.29,media,variable,True,alta,evidencia_temporal_disponible,balance_negativo,ninguna_relevante_para_el_periodo,La ventana entre 2026-04-01 y 2026-06-30 muestra un balance de -8803000 COP y una cobertura estimada de 1.10 meses. Este resultado describe el periodo y no a la persona.,train,1.2,68.29,4.29,0.0,26.22,0.0,0.0,2,1,1,0,2,disminucion_observada,aumento_observado
VEN_0122_3,PERF_0122,2026-06-30,2026-04-01,2026-06-30,situacion_critica,situacion_critica,en_riesgo,calculado,98.25,baja,fijo,True,alta,evidencia_temporal_disponible,balance_negativo,ninguna_relevante_para_el_periodo,La ventana entre 2026-04-01 y 2026-06-30 muestra un balance de -19179000 COP y una cobertura estimada de 0.00 meses. Este resultado describe el periodo y no a la persona.,train,98.25,1.62,0.13,0.0,0.0,0.0,0.0,3,2,1,0,1,evidencia_insuficiente,disminucion_observada
VEN_0121_3,PERF_0121,2026-06-30,2026-04-01,2026-06-30,variable_resiliente,variable_resiliente,saludable,calculado,91.56,baja,mixto,False,alta,balance_no_negativo,sin_factor_dominante,ninguna_relevante_para_el_periodo,La ventana entre 2026-04-01 y 2026-06-30 muestra un balance de 2019000 COP y una cobertura estimada de 1.43 meses. Este resultado describe el periodo y no a la persona.,train,0.0,0.19,0.06,0.82,0.0,7.37,91.56,3,2,1,0,3,aumento_observado,disminucion_observada
VEN_0120_3,PERF_0120,2026-06-30,2026-04-01,2026-06-30,acumulacion_estable,acumulacion_estable,saludable,calculado,97.23,baja,variable,False,alta,balance_no_negativo,sin_factor_dominante,ninguna_relevante_para_el_periodo,La ventana entre 2026-04-01 y 2026-06-30 muestra un balance de 8087000 COP y una cobertura estimada de 10.25 meses. Este resultado describe el periodo y no a la persona.,train,0.0,0.0,0.0,97.23,0.0,1.72,1.05,2,2,0,0,1,aumento_observado,disminucion_observada
VEN_0119_3,PERF_0119,2026-06-30,2026-04-01,2026-06-30,situacion_critica,situacion_critica,en_riesgo,calculado,100.0,baja,sin_ingresos,True,alta,evidencia_temporal_disponible,balance_negativo,motivo_de_periodos_sin_ingreso,La ventana entre 2026-04-01 y 2026-06-30 muestra un balance de -30144000 COP y una cobertura estimada de 0.00 meses. Este resultado describe el periodo y no a la persona.,train,100.0,0.0,0.0,0.0,0.0,0.0,0.0,2,1,1,0,3,evidencia_insuficiente,estabilidad_observada
VEN_0118_3,PERF_0118,2026-06-30,2026-04-01,2026-06-30,situacion_critica,situacion_critica,en_riesgo,calculado,99.85,baja,variable,True,alta,evidencia_temporal_disponible,balance_negativo,ninguna_relevante_para_el_periodo,La ventana entre 2026-04-01 y 2026-06-30 muestra un balance de -20610000 COP y una cobertura estimada de 0.00 meses. Este resultado describe el periodo y no a la persona.,train,99.85,0.15,0.0,0.0,0.0,0.0,0.0,3,3,0,0,5,aumento_observado,estabilidad_observada
VEN_0117_3,PERF_0117,2026-06-30,2026-04-01,2026-06-30,situacion_critica,situacion_critica,en_riesgo,calculado,100.0,baja,sin_ingresos,False,alta,evidencia_temporal_disponible,balance_negativo,motivo_de_periodos_sin_ingreso,La ventana entre 2026-04-01 y 2026-06-30 muestra un balance de -26615000 COP y una cobertura estimada de 0.00 meses. Este resultado describe el periodo y no a la persona.,train,100.0,0.0,0.0,0.0,0.0,0.0,0.0,2,2,0,0,4,evidencia_insuficiente,estabilidad_observada
VEN_0116_3,PERF_0116,2026-06-30,2026-04-01,2026-06-30,situacion_critica,situacion_critica,en_riesgo,calculado,99.96,baja,fijo,True,alta,evidencia_temporal_disponible,balance_negativo,ninguna_relevante_para_el_periodo,La ventana entre 2026-04-01 y 2026-06-30 muestra un balance de -18434000 COP y una cobertura estimada de 0.00 meses. Este resultado describe el periodo y no a la persona.,train,99.96,0.04,0.0,0.0,0.0,0.0,0.0,2,2,0,0,1,aumento_observado,aumento_observado
VEN_0115_3,PERF_0115,2026-06-30,2026-04-01,2026-06-30,situacion_critica,situacion_critica,en_riesgo,calculado,99.7,baja,fijo,False,alta,evidencia_temporal_disponible,balance_negativo,ninguna_relevante_para_el_periodo,La ventana entre 2026-04-01 y 2026-06-30 muestra un balance de -14109000 COP y una cobertura estimada de 0.00 meses. Este resultado describe el periodo y no a la persona.,train,99.7,0.3,0.0,0.0,0.0,0.0,0.0,4,3,1,0,3,evidencia_insuficiente,estabilidad_observada
VEN_0130_3,PERF_0130,2026-06-30,2026-04-01,2026-06-30,situacion_critica,situacion_critica,en_riesgo,calculado,100.0,baja,fijo,True,alta,evidencia_temporal_disponible,balance_negativo,ninguna_relevante_para_el_periodo,La ventana entre 2026-04-01 y 2026-06-30 muestra un balance de -22840000 COP y una cobertura estimada de 0.00 meses. Este resultado describe el periodo y no a la persona.,train,100.0,0.0,0.0,0.0,0.0,0.0,0.0,2,2,0,0,2,evidencia_insuficiente,aumento_observado
VEN_0114_3,PERF_0114,2026-06-30,2026-04-01,2026-06-30,situacion_critica,situacion_critica,en_riesgo,calculado,99.78,baja,apoyo,True,alta,evidencia_temporal_disponible,balance_negativo,motivo_de_periodos_sin_ingreso,La ventana entre 2026-04-01 y 2026-06-30 muestra un balance de -8550000 COP y una cobertura estimada de 0.00 meses. Este resultado describe el periodo y no a la persona.,train,99.78,0.22,0.0,0.0,0.0,0.0,0.0,3,2,1,0,5,estabilidad_observada,disminucion_observada
VEN_0131_3,PERF_0131,2026-06-30,2026-04-01,2026-06-30,situacion_critica,situacion_critica,en_riesgo,calculado,99.87,baja,fijo,True,alta,evidencia_temporal_disponible,balance_negativo,ninguna_relevante_para_el_periodo,La ventana entre 2026-04-01 y 2026-06-30 muestra un balance de -27526000 COP y una cobertura estimada de 0.00 meses. Este resultado describe el periodo y no a la persona.,train,99.87,0.0,0.13,0.0,0.0,0.0,0.0,3,3,0,0,3,aumento_observado,estabilidad_observada
VEN_0133_3,PERF_0133,2026-06-30,2026-04-01,2026-06-30,situacion_critica,situacion_critica,en_riesgo,calculado,99.83,baja,estacional,False,alta,evidencia_temporal_disponible,balance_negativo,motivo_de_periodos_sin_ingreso,La ventana entre 2026-04-01 y 2026-06-30 muestra un balance de -32063000 COP y una cobertura estimada de 0.00 meses. Este resultado describe el periodo y no a la persona.,test,99.83,0.04,0.13,0.0,0.0,0.0,0.0,2,1,1,0,2,estabilidad_observada,disminucion_observada
VEN_0148_3,PERF_0148,2026-06-30,2026-04-01,2026-06-30,acumulacion_estable,acumulacion_estable,saludable,calculado,91.87,baja,apoyo,True,alta,balance_no_negativo,sin_factor_dominante,motivo_de_periodos_sin_ingreso,La ventana entre 2026-04-01 y 2026-06-30 muestra un balance de 4065000 COP y una cobertura estimada de 5.78 meses. Este resultado describe el periodo y no a la persona.,train,0.0,0.0,0.31,91.87,0.0,5.75,2.07,2,2,0,0,3,evidencia_insuficiente,disminucion_observada
VEN_0147_3,PERF_0147,2026-06-30,2026-04-01,2026-06-30,situacion_critica,situacion_critica,en_riesgo,calculado,100.0,baja,apoyo,False,alta,evidencia_temporal_disponible,balance_negativo,motivo_de_periodos_sin_ingreso,La ventana entre 2026-04-01 y 2026-06-30 muestra un balance de -38544000 COP y una cobertura estimada de 0.00 meses. Este resultado describe el periodo y no a la persona.,train,100.0,0.0,0.0,0.0,0.0,0.0,0.0,4,4,0,0,0,aumento_observado,disminucion_observada
VEN_0146_3,PERF_0146,2026-06-30,2026-04-01,2026-06-30,situacion_critica,situacion_critica,en_riesgo,calculado,99.37,baja,fijo,True,alta,evidencia_temporal_disponible,balance_negativo,ninguna_relevante_para_el_periodo,La ventana entre 2026-04-01 y 2026-06-30 muestra un balance de -33945000 COP y una cobertura estimada de 0.00 meses. Este resultado describe el periodo y no a la persona.,train,99.37,0.16,0.13,0.0,0.33,0.0,0.0,5,3,2,0,0,evidencia_insuficiente,aumento_observado
VEN_0145_3,PERF_0145,2026-06-30,2026-04-01,2026-06-30,situacion_critica,situacion_critica,en_riesgo,calculado,99.7,baja,apoyo,True,alta,evidencia_temporal_disponible,balance_negativo,motivo_de_periodos_sin_ingreso,La ventana entre 2026-04-01 y 2026-06-30 muestra un balance de -5271000 COP y una cobertura estimada de 0.00 meses. Este resultado describe el periodo y no a la persona.,test,99.7,0.3,0.0,0.0,0.0,0.0,0.0,2,2,0,0,2,aumento_observado,aumento_observado
VEN_0144_3,PERF_0144,2026-06-30,2026-04-01,2026-06-30,situacion_critica,situacion_critica,en_riesgo,calculado,99.52,baja,fijo,True,alta,evidencia_temporal_disponible,balance_negativo,ninguna_relevante_para_el_periodo,La ventana entre 2026-04-01 y 2026-06-30 muestra un balance de -19337000 COP y una cobertura estimada de 0.00 meses. Este resultado describe el periodo y no a la persona.,train,99.52,0.48,0.0,0.0,0.0,0.0,0.0,3,2,1,0,5,evidencia_insuficiente,aumento_observado
VEN_0143_3,PERF_0143,2026-06-30,2026-04-01,2026-06-30,variable_resiliente,variable_resiliente,saludable,calculado,94.4,baja,variable,True,alta,balance_no_negativo,sin_factor_dominante,ninguna_relevante_para_el_periodo,La ventana entre 2026-04-01 y 2026-06-30 muestra un balance de 2246000 COP y una cobertura estimada de 5.96 meses. Este resultado describe el periodo y no a la persona.,validation,0.0,0.06,0.21,4.88,0.0,0.45,94.4,1,1,0,0,6,estabilidad_observada,disminucion_observada
VEN_0142_3,PERF_0142,2026-06-30,2026-04-01,2026-06-30,situacion_critica,situacion_critica,en_riesgo,calculado,100.0,baja,sin_ingresos,True,alta,evidencia_temporal_disponible,balance_negativo,motivo_de_periodos_sin_ingreso,La ventana entre 2026-04-01 y 2026-06-30 muestra un balance de -19980000 COP y una cobertura estimada de 0.00 meses. Este resultado describe el periodo y no a la persona.,train,100.0,0.0,0.0,0.0,0.0,0.0,0.0,2,2,0,0,4,evidencia_insuficiente,estabilidad_observada
VEN_0141_3,PERF_0141,2026-06-30,2026-04-01,2026-06-30,variable_resiliente,variable_resiliente,saludable,calculado,99.28,baja,mixto,True,alta,balance_no_negativo,sin_factor_dominante,ninguna_relevante_para_el_periodo,La ventana entre 2026-04-01 y 2026-06-30 muestra un balance de 11012000 COP y una cobertura estimada de 7.38 meses. Este resultado describe el periodo y no a la persona.,train,0.0,0.04,0.0,0.49,0.0,0.19,99.28,4,3,1,0,1,aumento_observado,disminucion_observada
VEN_0140_3,PERF_0140,2026-06-30,2026-04-01,2026-06-30,situacion_critica,situacion_critica,en_riesgo,calculado,99.47,baja,fijo,False,alta,evidencia_temporal_disponible,balance_negativo,ninguna_relevante_para_el_periodo,La ventana entre 2026-04-01 y 2026-06-30 muestra un balance de -14746000 COP y una cobertura estimada de 0.00 meses. Este resultado describe el periodo y no a la persona.,test,99.47,0.2,0.0,0.0,0.33,0.0,0.0,2,2,0,0,2,estabilidad_observada,disminucion_observada
VEN_0139_3,PERF_0139,2026-06-30,2026-04-01,2026-06-30,situacion_critica,situacion_critica,en_riesgo,calculado,99.96,baja,apoyo,False,alta,evidencia_temporal_disponible,balance_negativo,motivo_de_periodos_sin_ingreso,La ventana entre 2026-04-01 y 2026-06-30 muestra un balance de -7518000 COP y una cobertura estimada de 0.00 meses. Este resultado describe el periodo y no a la persona.,train,99.96,0.04,0.0,0.0,0.0,0.0,0.0,3,3,0,0,5,disminucion_observada,estabilidad_observada
VEN_0138_3,PERF_0138,2026-06-30,2026-04-01,2026-06-30,situacion_critica,situacion_critica,en_riesgo,calculado,100.0,baja,sin_ingresos,True,alta,evidencia_temporal_disponible,balance_negativo,motivo_de_periodos_sin_ingreso,La ventana entre 2026-04-01 y 2026-06-30 muestra un balance de -13275000 COP y una cobertura estimada de 0.00 meses. Este resultado describe el periodo y no a la persona.,train,100.0,0.0,0.0,0.0,0.0,0.0,0.0,3,3,0,0,3,evidencia_insuficiente,estabilidad_observada
VEN_0137_3,PERF_0137,2026-06-30,2026-04-01,2026-06-30,situacion_critica,situacion_critica,en_riesgo,calculado,99.63,baja,fijo,False,alta,evidencia_temporal_disponible,balance_negativo,ninguna_relevante_para_el_periodo,La ventana entre 2026-04-01 y 2026-06-30 muestra un balance de -13248000 COP y una cobertura estimada de 0.00 meses. Este resultado describe el periodo y no a la persona.,train,99.63,0.04,0.0,0.0,0.33,0.0,0.0,4,4,0,0,4,evidencia_insuficiente,aumento_observado
VEN_0136_3,PERF_0136,2026-06-30,2026-04-01,2026-06-30,variable_resiliente,variable_resiliente,saludable,calculado,94.52,baja,variable,False,alta,balance_no_negativo,sin_factor_dominante,ninguna_relevante_para_el_periodo,La ventana entre 2026-04-01 y 2026-06-30 muestra un balance de 5810000 COP y una cobertura estimada de 7.26 meses. Este resultado describe el periodo y no a la persona.,train,0.0,0.47,0.19,3.47,0.0,1.36,94.52,1,1,0,0,6,aumento_observado,disminucion_observada
VEN_0135_3,PERF_0135,2026-06-30,2026-04-01,2026-06-30,situacion_critica,situacion_critica,en_riesgo,calculado,100.0,baja,sin_ingresos,True,alta,evidencia_temporal_disponible,balance_negativo,motivo_de_periodos_sin_ingreso,La ventana entre 2026-04-01 y 2026-06-30 muestra un balance de -8475000 COP y una cobertura estimada de 0.00 meses. Este resultado describe el periodo y no a la persona.,train,100.0,0.0,0.0,0.0,0.0,0.0,0.0,2,2,0,0,0,evidencia_insuficiente,disminucion_observada
VEN_0134_3,PERF_0134,2026-06-30,2026-04-01,2026-06-30,acumulacion_estable,acumulacion_estable,saludable,calculado,99.12,baja,variable,True,alta,balance_no_negativo,sin_factor_dominante,ninguna_relevante_para_el_periodo,La ventana entre 2026-04-01 y 2026-06-30 muestra un balance de 5615000 COP y una cobertura estimada de 5.24 meses. Este resultado describe el periodo y no a la persona.,train,0.0,0.0,0.0,99.12,0.0,0.56,0.31,2,2,0,0,5,aumento_observado,disminucion_observada
VEN_0132_3,PERF_0132,2026-06-30,2026-04-01,2026-06-30,situacion_critica,situacion_critica,en_riesgo,calculado,99.85,baja,sin_ingresos,True,alta,evidencia_temporal_disponible,balance_negativo,motivo_de_periodos_sin_ingreso,La ventana entre 2026-04-01 y 2026-06-30 muestra un balance de -24590000 COP y una cobertura estimada de 0.00 meses. Este resultado describe el periodo y no a la persona.,test,99.85,0.15,0.0,0.0,0.0,0.0,0.0,2,2,0,0,3,aumento_observado,estabilidad_observada
VEN_0150_3,PERF_0150,2026-06-30,2026-04-01,2026-06-30,fragilidad_sostenida,fragilidad_sostenida,en_riesgo,calculado,89.37,baja,mixto,False,alta,evidencia_temporal_disponible,balance_negativo,ninguna_relevante_para_el_periodo,La ventana entre 2026-04-01 y 2026-06-30 muestra un balance de -2350000 COP y una cobertura estimada de 0.05 meses. Este resultado describe el periodo y no a la persona.,train,4.58,89.37,3.85,0.0,1.55,0.66,0.0,2,2,0,0,2,estabilidad_observada,estabilidad_observada
VEN_0113_3,PERF_0113,2026-06-30,2026-04-01,2026-06-30,fragilidad_sostenida,fragilidad_sostenida,en_riesgo,calculado,89.69,baja,apoyo,False,alta,evidencia_temporal_disponible,balance_negativo,motivo_de_periodos_sin_ingreso,La ventana entre 2026-04-01 y 2026-06-30 muestra un balance de -12555000 COP y una cobertura estimada de 1.42 meses. Este resultado describe el periodo y no a la persona.,validation,1.63,89.69,2.41,0.0,6.27,0.0,0.0,2,2,0,0,1,estabilidad_observada,estabilidad_observada
VEN_0111_3,PERF_0111,2026-06-30,2026-04-01,2026-06-30,situacion_critica,situacion_critica,en_riesgo,calculado,99.93,baja,mixto,False,alta,evidencia_temporal_disponible,balance_negativo,ninguna_relevante_para_el_periodo,La ventana entre 2026-04-01 y 2026-06-30 muestra un balance de -21771000 COP y una cobertura estimada de 0.00 meses. Este resultado describe el periodo y no a la persona.,train,99.93,0.0,0.07,0.0,0.0,0.0,0.0,4,3,1,0,3,aumento_observado,disminucion_observada
VEN_0090_3,PERF_0090,2026-06-30,2026-04-01,2026-06-30,situacion_critica,situacion_critica,en_riesgo,calculado,98.91,baja,estacional,False,alta,evidencia_temporal_disponible,balance_negativo,motivo_de_periodos_sin_ingreso,La ventana entre 2026-04-01 y 2026-06-30 muestra un balance de -18386000 COP y una cobertura estimada de 0.00 meses. Este resultado describe el periodo y no a la persona.,train,98.91,0.67,0.42,0.0,0.0,0.0,0.0,1,1,0,0,2,estabilidad_observada,aumento_observado
VEN_0089_3,PERF_0089,2026-06-30,2026-04-01,2026-06-30,situacion_critica,situacion_critica,en_riesgo,calculado,99.84,baja,fijo,True,alta,evidencia_temporal_disponible,balance_negativo,ninguna_relevante_para_el_periodo,La ventana entre 2026-04-01 y 2026-06-30 muestra un balance de -12746000 COP y una cobertura estimada de 0.00 meses. Este resultado describe el periodo y no a la persona.,train,99.84,0.0,0.0,0.0,0.16,0.0,0.0,5,4,1,0,3,evidencia_insuficiente,aumento_observado
VEN_0088_3,PERF_0088,2026-06-30,2026-04-01,2026-06-30,fragilidad_sostenida,fragilidad_sostenida,en_riesgo,calculado,78.97,baja,mixto,True,alta,evidencia_temporal_disponible,balance_negativo,ninguna_relevante_para_el_periodo,La ventana entre 2026-04-01 y 2026-06-30 muestra un balance de -9680000 COP y una cobertura estimada de 1.24 meses. Este resultado describe el periodo y no a la persona.,train,1.31,78.97,9.99,0.0,9.68,0.06,0.0,2,2,0,0,12,aumento_observado,aumento_observado
VEN_0087_3,PERF_0087,2026-06-30,2026-04-01,2026-06-30,uso_planificado_reserva,estado_incierto,no_disponible,requiere_confirmacion,78.12,alta,estacional,False,alta,evidencia_temporal_disponible,balance_negativo,motivo_de_periodos_sin_ingreso,La ventana entre 2026-04-01 y 2026-06-30 muestra un balance de -5981000 COP y una cobertura estimada de 2.96 meses. Este resultado describe el periodo y no a la persona.,train,0.14,7.23,78.12,0.44,13.86,0.0,0.2,3,3,0,0,4,estabilidad_observada,aumento_observado
VEN_0086_3,PERF_0086,2026-06-30,2026-04-01,2026-06-30,fragilidad_sostenida,fragilidad_sostenida,en_riesgo,calculado,96.4,baja,fijo,True,alta,evidencia_temporal_disponible,balance_negativo,ninguna_relevante_para_el_periodo,La ventana entre 2026-04-01 y 2026-06-30 muestra un balance de -13068000 COP y una cobertura estimada de 0.73 meses. Este resultado describe el periodo y no a la persona.,validation,0.48,96.4,2.23,0.0,0.89,0.0,0.0,3,2,1,0,3,evidencia_insuficiente,disminucion_observada
VEN_0085_3,PERF_0085,2026-06-30,2026-04-01,2026-06-30,fragilidad_sostenida,fragilidad_sostenida,en_riesgo,calculado,76.12,baja,fijo,True,alta,evidencia_temporal_disponible,balance_negativo,ninguna_relevante_para_el_periodo,La ventana entre 2026-04-01 y 2026-06-30 muestra un balance de -4746000 COP y una cobertura estimada de 2.38 meses. Este resultado describe el periodo y no a la persona.,train,0.3,76.12,19.37,0.0,4.22,0.0,0.0,3,3,0,0,3,evidencia_insuficiente,disminucion_observada
VEN_0084_3,PERF_0084,2026-06-30,2026-04-01,2026-06-30,situacion_critica,situacion_critica,en_riesgo,calculado,99.71,baja,fijo,True,alta,evidencia_temporal_disponible,balance_negativo,ninguna_relevante_para_el_periodo,La ventana entre 2026-04-01 y 2026-06-30 muestra un balance de -47112000 COP y una cobertura estimada de 0.00 meses. Este resultado describe el periodo y no a la persona.,validation,99.71,0.29,0.0,0.0,0.0,0.0,0.0,3,2,1,0,1,evidencia_insuficiente,estabilidad_observada
VEN_0083_3,PERF_0083,2026-06-30,2026-04-01,2026-06-30,situacion_critica,situacion_critica,en_riesgo,calculado,99.85,baja,mixto,False,alta,evidencia_temporal_disponible,balance_negativo,ninguna_relevante_para_el_periodo,La ventana entre 2026-04-01 y 2026-06-30 muestra un balance de -11832000 COP y una cobertura estimada de 0.00 meses. Este resultado describe el periodo y no a la persona.,train,99.85,0.15,0.0,0.0,0.0,0.0,0.0,2,2,0,0,3,estabilidad_observada,estabilidad_observada
VEN_0082_3,PERF_0082,2026-06-30,2026-04-01,2026-06-30,situacion_critica,situacion_critica,en_riesgo,calculado,99.86,baja,apoyo,True,alta,evidencia_temporal_disponible,balance_negativo,motivo_de_periodos_sin_ingreso,La ventana entre 2026-04-01 y 2026-06-30 muestra un balance de -17460000 COP y una cobertura estimada de 0.00 meses. Este resultado describe el periodo y no a la persona.,train,99.86,0.14,0.0,0.0,0.0,0.0,0.0,2,2,0,0,2,evidencia_insuficiente,estabilidad_observada
VEN_0081_3,PERF_0081,2026-06-30,2026-04-01,2026-06-30,situacion_critica,situacion_critica,en_riesgo,calculado,99.49,baja,fijo,True,alta,evidencia_temporal_disponible,balance_negativo,ninguna_relevante_para_el_periodo,La ventana entre 2026-04-01 y 2026-06-30 muestra un balance de -23389000 COP y una cobertura estimada de 0.00 meses. Este resultado describe el periodo y no a la persona.,train,99.49,0.35,0.16,0.0,0.0,0.0,0.0,4,3,1,0,8,evidencia_insuficiente,aumento_observado
VEN_0080_3,PERF_0080,2026-06-30,2026-04-01,2026-06-30,variable_resiliente,variable_resiliente,saludable,calculado,94.53,baja,variable,True,alta,balance_no_negativo,sin_factor_dominante,ninguna_relevante_para_el_periodo,La ventana entre 2026-04-01 y 2026-06-30 muestra un balance de 6264000 COP y una cobertura estimada de 7.00 meses. Este resultado describe el periodo y no a la persona.,train,0.0,0.04,0.14,4.59,0.0,0.71,94.53,1,1,0,0,4,aumento_observado,disminucion_observada
VEN_0079_3,PERF_0079,2026-06-30,2026-04-01,2026-06-30,equilibrio_sostenible,equilibrio_sostenible,saludable,calculado,95.8,baja,variable,True,alta,balance_no_negativo,sin_factor_dominante,ninguna_relevante_para_el_periodo,La ventana entre 2026-04-01 y 2026-06-30 muestra un balance de 575000 COP y una cobertura estimada de 1.13 meses. Este resultado describe el periodo y no a la persona.,train,0.0,0.75,1.03,1.32,0.0,95.8,1.1,2,2,0,0,4,disminucion_observada,estabilidad_observada
VEN_0078_3,PERF_0078,2026-06-30,2026-04-01,2026-06-30,acumulacion_estable,acumulacion_estable,saludable,calculado,78.07,baja,mixto,False,alta,balance_no_negativo,sin_factor_dominante,ninguna_relevante_para_el_periodo,La ventana entre 2026-04-01 y 2026-06-30 muestra un balance de 8139000 COP y una cobertura estimada de 9.81 meses. Este resultado describe el periodo y no a la persona.,test,0.0,0.0,0.24,78.07,0.0,13.49,8.2,3,2,1,0,4,disminucion_observada,disminucion_observada
VEN_0077_3,PERF_0077,2026-06-30,2026-04-01,2026-06-30,situacion_critica,situacion_critica,en_riesgo,calculado,99.8,baja,mixto,True,alta,evidencia_temporal_disponible,balance_negativo,ninguna_relevante_para_el_periodo,La ventana entre 2026-04-01 y 2026-06-30 muestra un balance de -32433000 COP y una cobertura estimada de 0.00 meses. Este resultado describe el periodo y no a la persona.,test,99.8,0.06,0.14,0.0,0.0,0.0,0.0,2,2,0,0,3,aumento_observado,disminucion_observada
VEN_0076_3,PERF_0076,2026-06-30,2026-04-01,2026-06-30,situacion_critica,situacion_critica,en_riesgo,calculado,99.83,baja,sin_ingresos,True,alta,evidencia_temporal_disponible,balance_negativo,motivo_de_periodos_sin_ingreso,La ventana entre 2026-04-01 y 2026-06-30 muestra un balance de -30663000 COP y una cobertura estimada de 0.00 meses. Este resultado describe el periodo y no a la persona.,train,99.83,0.0,0.17,0.0,0.0,0.0,0.0,3,2,1,0,5,evidencia_insuficiente,disminucion_observada
VEN_0091_3,PERF_0091,2026-06-30,2026-04-01,2026-06-30,situacion_critica,situacion_critica,en_riesgo,calculado,99.81,baja,variable,False,alta,evidencia_temporal_disponible,balance_negativo,ninguna_relevante_para_el_periodo,La ventana entre 2026-04-01 y 2026-06-30 muestra un balance de -41347000 COP y una cobertura estimada de 0.00 meses. Este resultado describe el periodo y no a la persona.,validation,99.81,0.03,0.0,0.0,0.17,0.0,0.0,2,2,0,0,2,disminucion_observada,estabilidad_observada
VEN_0112_3,PERF_0112,2026-06-30,2026-04-01,2026-06-30,situacion_critica,situacion_critica,en_riesgo,calculado,99.77,baja,mixto,True,alta,evidencia_temporal_disponible,balance_negativo,ninguna_relevante_para_el_periodo,La ventana entre 2026-04-01 y 2026-06-30 muestra un balance de -36121000 COP y una cobertura estimada de 0.00 meses. Este resultado describe el periodo y no a la persona.,train,99.77,0.14,0.09,0.0,0.0,0.0,0.0,3,3,0,0,3,aumento_observado,disminucion_observada
VEN_0092_3,PERF_0092,2026-06-30,2026-04-01,2026-06-30,acumulacion_estable,acumulacion_estable,saludable,calculado,94.68,baja,variable,False,alta,balance_no_negativo,sin_factor_dominante,ninguna_relevante_para_el_periodo,La ventana entre 2026-04-01 y 2026-06-30 muestra un balance de 6300000 COP y una cobertura estimada de 8.76 meses. Este resultado describe el periodo y no a la persona.,test,0.0,0.0,0.23,94.68,0.0,1.23,3.86,1,1,0,0,4,aumento_observado,disminucion_observada
VEN_0094_3,PERF_0094,2026-06-30,2026-04-01,2026-06-30,situacion_critica,situacion_critica,en_riesgo,calculado,99.7,baja,apoyo,False,alta,evidencia_temporal_disponible,balance_negativo,motivo_de_periodos_sin_ingreso,La ventana entre 2026-04-01 y 2026-06-30 muestra un balance de -13221000 COP y una cobertura estimada de 0.00 meses. Este resultado describe el periodo y no a la persona.,train,99.7,0.14,0.0,0.0,0.16,0.0,0.0,4,4,0,0,2,disminucion_observada,aumento_observado
VEN_0110_3,PERF_0110,2026-06-30,2026-04-01,2026-06-30,situacion_critica,situacion_critica,en_riesgo,calculado,99.81,baja,sin_ingresos,False,alta,evidencia_temporal_disponible,balance_negativo,motivo_de_periodos_sin_ingreso,La ventana entre 2026-04-01 y 2026-06-30 muestra un balance de -16406000 COP y una cobertura estimada de 0.00 meses. Este resultado describe el periodo y no a la persona.,train,99.81,0.0,0.0,0.0,0.19,0.0,0.0,2,2,0,0,3,evidencia_insuficiente,estabilidad_observada
VEN_0109_3,PERF_0109,2026-06-30,2026-04-01,2026-06-30,fragilidad_sostenida,fragilidad_sostenida,en_riesgo,calculado,60.18,media,variable,True,alta,evidencia_temporal_disponible,balance_negativo,ninguna_relevante_para_el_periodo,La ventana entre 2026-04-01 y 2026-06-30 muestra un balance de -5655000 COP y una cobertura estimada de 1.48 meses. Este resultado describe el periodo y no a la persona.,train,0.74,60.18,6.6,0.0,32.44,0.04,0.0,3,2,1,0,8,disminucion_observada,aumento_observado
VEN_0108_3,PERF_0108,2026-06-30,2026-04-01,2026-06-30,fragilidad_sostenida,fragilidad_sostenida,en_riesgo,calculado,84.42,baja,apoyo,True,alta,evidencia_temporal_disponible,balance_negativo,motivo_de_periodos_sin_ingreso,La ventana entre 2026-04-01 y 2026-06-30 muestra un balance de -2880000 COP y una cobertura estimada de 1.54 meses. Este resultado describe el periodo y no a la persona.,train,0.61,84.42,11.89,0.19,1.9,0.79,0.2,4,4,0,0,1,evidencia_insuficiente,disminucion_observada
VEN_0107_3,PERF_0107,2026-06-30,2026-04-01,2026-06-30,acumulacion_estable,acumulacion_estable,saludable,calculado,71.68,media,variable,False,alta,balance_no_negativo,sin_factor_dominante,ninguna_relevante_para_el_periodo,La ventana entre 2026-04-01 y 2026-06-30 muestra un balance de 994000 COP y una cobertura estimada de 3.09 meses. Este resultado describe el periodo y no a la persona.,train,0.0,0.0,0.33,71.68,0.0,24.6,3.4,1,1,0,0,2,aumento_observado,disminucion_observada
VEN_0106_3,PERF_0106,2026-06-30,2026-04-01,2026-06-30,acumulacion_estable,acumulacion_estable,saludable,calculado,59.78,media,mixto,True,alta,balance_no_negativo,sin_factor_dominante,ninguna_relevante_para_el_periodo,La ventana entre 2026-04-01 y 2026-06-30 muestra un balance de 12151000 COP y una cobertura estimada de 3.94 meses. Este resultado describe el periodo y no a la persona.,train,0.0,0.38,0.9,59.78,0.0,6.09,32.84,5,3,2,0,5,aumento_observado,disminucion_observada
VEN_0105_3,PERF_0105,2026-06-30,2026-04-01,2026-06-30,situacion_critica,situacion_critica,en_riesgo,calculado,99.35,baja,estacional,True,alta,evidencia_temporal_disponible,balance_negativo,motivo_de_periodos_sin_ingreso,La ventana entre 2026-04-01 y 2026-06-30 muestra un balance de -14789000 COP y una cobertura estimada de 0.00 meses. Este resultado describe el periodo y no a la persona.,train,99.35,0.32,0.32,0.0,0.0,0.0,0.0,3,2,1,0,2,disminucion_observada,disminucion_observada
VEN_0104_3,PERF_0104,2026-06-30,2026-04-01,2026-06-30,situacion_critica,situacion_critica,en_riesgo,calculado,99.33,baja,mixto,True,alta,evidencia_temporal_disponible,balance_negativo,ninguna_relevante_para_el_periodo,La ventana entre 2026-04-01 y 2026-06-30 muestra un balance de -12074000 COP y una cobertura estimada de 0.00 meses. Este resultado describe el periodo y no a la persona.,train,99.33,0.19,0.48,0.0,0.0,0.0,0.0,5,3,2,0,3,estabilidad_observada,estabilidad_observada
VEN_0103_3,PERF_0103,2026-06-30,2026-04-01,2026-06-30,uso_planificado_reserva,estado_incierto,no_disponible,requiere_confirmacion,68.25,alta,mixto,False,alta,evidencia_temporal_disponible,balance_negativo,ninguna_relevante_para_el_periodo,La ventana entre 2026-04-01 y 2026-06-30 muestra un balance de -3026000 COP y una cobertura estimada de 1.61 meses. Este resultado describe el periodo y no a la persona.,train,0.13,17.48,68.25,0.39,8.84,1.13,3.79,4,3,1,0,7,aumento_observado,estabilidad_observada
VEN_0102_3,PERF_0102,2026-06-30,2026-04-01,2026-06-30,deterioro_reciente,deterioro_reciente,en_observacion,calculado,72.68,media,variable,True,alta,evidencia_temporal_disponible,balance_negativo,ninguna_relevante_para_el_periodo,La ventana entre 2026-04-01 y 2026-06-30 muestra un balance de -9873000 COP y una cobertura estimada de 1.76 meses. Este resultado describe el periodo y no a la persona.,validation,0.15,17.73,9.31,0.0,72.68,0.13,0.0,2,1,1,0,7,disminucion_observada,aumento_observado
VEN_0101_3,PERF_0101,2026-06-30,2026-04-01,2026-06-30,situacion_critica,situacion_critica,en_riesgo,calculado,99.2,baja,sin_ingresos,True,alta,evidencia_temporal_disponible,balance_negativo,motivo_de_periodos_sin_ingreso,La ventana entre 2026-04-01 y 2026-06-30 muestra un balance de -24130000 COP y una cobertura estimada de 0.00 meses. Este resultado describe el periodo y no a la persona.,train,99.2,0.72,0.08,0.0,0.0,0.0,0.0,1,1,0,0,2,evidencia_insuficiente,disminucion_observada
VEN_0099_3,PERF_0099,2026-06-30,2026-04-01,2026-06-30,acumulacion_estable,acumulacion_estable,saludable,calculado,97.14,baja,variable,True,alta,balance_no_negativo,sin_factor_dominante,ninguna_relevante_para_el_periodo,La ventana entre 2026-04-01 y 2026-06-30 muestra un balance de 5269000 COP y una cobertura estimada de 5.32 meses. Este resultado describe el periodo y no a la persona.,train,0.0,0.0,0.09,97.14,0.0,0.65,2.11,2,1,1,0,1,disminucion_observada,estabilidad_observada
VEN_0098_3,PERF_0098,2026-06-30,2026-04-01,2026-06-30,situacion_critica,situacion_critica,en_riesgo,calculado,99.8,baja,mixto,True,alta,evidencia_temporal_disponible,balance_negativo,ninguna_relevante_para_el_periodo,La ventana entre 2026-04-01 y 2026-06-30 muestra un balance de -24594000 COP y una cobertura estimada de 0.00 meses. Este resultado describe el periodo y no a la persona.,test,99.8,0.06,0.14,0.0,0.0,0.0,0.0,4,4,0,0,2,disminucion_observada,estabilidad_observada
VEN_0097_3,PERF_0097,2026-06-30,2026-04-01,2026-06-30,situacion_critica,situacion_critica,en_riesgo,calculado,99.24,baja,estacional,True,alta,evidencia_temporal_disponible,balance_negativo,motivo_de_periodos_sin_ingreso,La ventana entre 2026-04-01 y 2026-06-30 muestra un balance de -29279000 COP y una cobertura estimada de 0.00 meses. Este resultado describe el periodo y no a la persona.,test,99.24,0.22,0.54,0.0,0.0,0.0,0.0,2,1,1,0,1,aumento_observado,disminucion_observada
VEN_0096_3,PERF_0096,2026-06-30,2026-04-01,2026-06-30,situacion_critica,situacion_critica,en_riesgo,calculado,92.13,baja,mixto,True,alta,evidencia_temporal_disponible,balance_negativo,ninguna_relevante_para_el_periodo,La ventana entre 2026-04-01 y 2026-06-30 muestra un balance de -3158000 COP y una cobertura estimada de 0.00 meses. Este resultado describe el periodo y no a la persona.,train,92.13,4.63,2.69,0.0,0.18,0.2,0.17,4,4,0,0,4,aumento_observado,estabilidad_observada
VEN_0095_3,PERF_0095,2026-06-30,2026-04-01,2026-06-30,situacion_critica,situacion_critica,en_riesgo,calculado,99.7,baja,sin_ingresos,True,alta,evidencia_temporal_disponible,balance_negativo,motivo_de_periodos_sin_ingreso,La ventana entre 2026-04-01 y 2026-06-30 muestra un balance de -9183000 COP y una cobertura estimada de 0.00 meses. Este resultado describe el periodo y no a la persona.,test,99.7,0.3,0.0,0.0,0.0,0.0,0.0,1,1,0,0,6,evidencia_insuficiente,aumento_observado
VEN_0093_3,PERF_0093,2026-06-30,2026-04-01,2026-06-30,situacion_critica,situacion_critica,en_riesgo,calculado,99.52,baja,fijo,True,alta,evidencia_temporal_disponible,balance_negativo,ninguna_relevante_para_el_periodo,La ventana entre 2026-04-01 y 2026-06-30 muestra un balance de -8664000 COP y una cobertura estimada de 0.00 meses. Este resultado describe el periodo y no a la persona.,train,99.52,0.48,0.0,0.0,0.0,0.0,0.0,3,3,0,0,1,disminucion_observada,disminucion_observada
VEN_0200_3,PERF_0200,2026-06-30,2026-04-01,2026-06-30,situacion_critica,situacion_critica,en_riesgo,calculado,99.82,baja,fijo,True,alta,evidencia_temporal_disponible,balance_negativo,ninguna_relevante_para_el_periodo,La ventana entre 2026-04-01 y 2026-06-30 muestra un balance de -16959000 COP y una cobertura estimada de 0.00 meses. Este resultado describe el periodo y no a la persona.,train,99.82,0.18,0.0,0.0,0.0,0.0,0.0,3,2,1,0,2,disminucion_observada,aumento_observado
