perfil_id,direccion,semanas_observadas,transacciones_observadas,promedio_semanal,pendiente_semanal,cambio_relativo_pct,estado_tendencia,nivel_incertidumbre
PERF_0001,salida,13,86,815538.46,1269.23,1.87,estabilidad_observada,media
PERF_0001,entrada,14,10,959285.71,112421.98,152.35,aumento_observado,media
PERF_0002,salida,14,86,767785.71,-25114.29,-42.52,disminucion_observada,media
PERF_0002,entrada,10,3,318000.0,,,evidencia_insuficiente,alta
PERF_0003,salida,13,58,1101307.69,-38203.3,-41.63,disminucion_observada,media
PERF_0003,entrada,13,41,2019000.0,123186.81,73.22,aumento_observado,media
PERF_0004,salida,14,76,2620000.0,72756.04,36.1,aumento_observado,media
PERF_0004,entrada,13,22,1822000.0,-4060.44,-2.67,estabilidad_observada,media
PERF_0005,salida,13,61,843230.77,25774.73,36.68,aumento_observado,media
PERF_0005,entrada,14,4,115714.29,,,evidencia_insuficiente,alta
PERF_0006,salida,14,65,2029142.86,-53156.04,-34.06,disminucion_observada,media
PERF_0006,entrada,13,5,220000.0,18901.1,103.1,aumento_observado,media
PERF_0007,salida,13,58,2743538.46,85038.46,37.2,aumento_observado,media
PERF_0007,entrada,14,6,331857.14,18043.96,70.68,aumento_observado,media
PERF_0008,salida,14,73,912000.0,-33503.3,-47.76,disminucion_observada,media
PERF_0008,entrada,10,4,156000.0,,,evidencia_insuficiente,alta
PERF_0009,salida,14,88,844714.29,-26553.85,-40.87,disminucion_observada,media
PERF_0009,entrada,11,9,1154090.91,-1445.45,-1.25,estabilidad_observada,media
PERF_0010,salida,14,73,844928.57,-49549.45,-76.24,disminucion_observada,media
PERF_0010,entrada,13,22,1064769.23,68390.11,77.08,aumento_observado,media
PERF_0011,entrada,13,25,2162538.46,-88631.87,-49.18,disminucion_observada,media
PERF_0011,salida,14,65,3224857.14,113336.26,45.69,aumento_observado,media
PERF_0012,salida,14,80,993642.86,1751.65,2.29,estabilidad_observada,media
PERF_0012,entrada,13,13,830692.31,76895.6,111.08,aumento_observado,media
PERF_0013,entrada,13,37,815230.77,6604.4,9.72,estabilidad_observada,media
PERF_0013,salida,14,63,1739285.71,-15529.67,-11.61,estabilidad_observada,media
PERF_0014,salida,14,80,2393428.57,-65775.82,-35.73,disminucion_observada,media
PERF_0014,entrada,13,15,905461.54,16527.47,21.9,estabilidad_observada,media
PERF_0015,salida,14,79,653142.86,-26628.57,-53.0,disminucion_observada,media
PERF_0015,entrada,14,17,1121785.71,29378.02,34.05,aumento_observado,media
PERF_0016,salida,14,81,998571.43,-38479.12,-50.09,disminucion_observada,media
PERF_0016,entrada,12,7,449166.67,6846.15,16.77,estabilidad_observada,media
PERF_0017,salida,14,69,817571.43,-7705.49,-12.25,estabilidad_observada,media
PERF_0017,entrada,10,4,254300.0,,,evidencia_insuficiente,alta
PERF_0018,salida,14,80,2514714.29,62808.79,32.47,aumento_observado,media
PERF_0018,entrada,12,5,300250.0,4129.37,15.13,estabilidad_observada,media
PERF_0019,salida,14,91,450071.43,7540.66,21.78,estabilidad_observada,media
PERF_0019,entrada,12,9,441666.67,18727.27,46.64,aumento_observado,media
PERF_0020,salida,14,76,1173857.14,-22140.66,-24.52,estabilidad_observada,media
PERF_0020,entrada,12,21,628166.67,62202.8,108.93,aumento_observado,media
PERF_0021,salida,14,54,5344428.57,-198202.2,-48.21,disminucion_observada,media
PERF_0021,entrada,13,37,1986153.85,111181.32,67.17,aumento_observado,media
PERF_0022,salida,14,79,892500.0,-21751.65,-31.68,disminucion_observada,media
PERF_0022,entrada,13,16,1636307.69,17978.02,13.18,estabilidad_observada,media
PERF_0023,salida,14,76,1177500.0,-17074.73,-18.85,estabilidad_observada,media
PERF_0023,entrada,13,18,1366846.15,130483.52,114.56,aumento_observado,media
PERF_0024,salida,14,78,1020500.0,-8569.23,-10.92,estabilidad_observada,media
PERF_0024,entrada,12,16,907916.67,-35814.69,-43.39,disminucion_observada,media
PERF_0025,salida,13,65,1848153.85,109791.21,71.29,aumento_observado,media
PERF_0025,entrada,10,3,150000.0,,,evidencia_insuficiente,alta
PERF_0026,salida,14,78,1316857.14,15692.31,15.49,estabilidad_observada,media
PERF_0026,entrada,13,5,220769.23,-12637.36,-68.69,disminucion_observada,media
PERF_0027,salida,13,70,2848153.85,50472.53,21.27,estabilidad_observada,media
PERF_0027,entrada,10,3,192000.0,,,evidencia_insuficiente,alta
PERF_0028,salida,13,71,2997384.62,-3554.95,-1.42,estabilidad_observada,media
PERF_0028,entrada,13,7,382230.77,28000.0,87.91,aumento_observado,media
PERF_0029,salida,13,73,1194461.54,104.4,0.1,estabilidad_observada,media
PERF_0030,salida,14,70,513857.14,-11389.01,-28.81,disminucion_observada,media
PERF_0030,entrada,6,2,57666.67,,,evidencia_insuficiente,alta
PERF_0031,salida,14,90,1566500.0,-13918.68,-11.55,estabilidad_observada,media
PERF_0031,entrada,13,9,1105846.15,116719.78,126.66,aumento_observado,media
PERF_0032,salida,13,81,1112461.54,116285.71,125.44,aumento_observado,media
PERF_0032,entrada,12,5,319583.33,-16667.83,-57.37,disminucion_observada,media
PERF_0033,salida,14,80,675214.29,4863.74,9.36,estabilidad_observada,media
PERF_0033,entrada,11,18,779000.0,32781.82,42.08,aumento_observado,media
PERF_0034,salida,13,61,2173692.31,34494.51,19.04,estabilidad_observada,media
PERF_0034,entrada,13,19,691461.54,-9087.91,-15.77,estabilidad_observada,media
PERF_0035,salida,14,70,816000.0,-9846.15,-15.69,estabilidad_observada,media
PERF_0035,entrada,14,26,325071.43,-8217.58,-32.86,disminucion_observada,media
PERF_0036,salida,14,86,934714.29,-33107.69,-46.05,disminucion_observada,media
PERF_0036,entrada,12,6,1433250.0,60618.88,46.52,aumento_observado,media
PERF_0037,salida,14,63,1664357.14,-83263.74,-65.04,disminucion_observada,media
PERF_0037,entrada,13,30,2028615.38,144395.6,85.42,aumento_observado,media
PERF_0038,salida,14,94,1724642.86,-30929.67,-23.31,estabilidad_observada,media
PERF_0038,entrada,14,6,1189928.57,-109927.47,-120.1,disminucion_observada,media
PERF_0039,salida,14,91,1665142.86,69639.56,54.37,aumento_observado,media
PERF_0039,entrada,12,8,1179250.0,-42877.62,-40.0,disminucion_observada,media
PERF_0040,salida,14,71,658428.57,7468.13,14.75,estabilidad_observada,media
PERF_0040,entrada,14,16,389642.86,-22125.27,-73.82,disminucion_observada,media
PERF_0041,salida,14,88,2601785.71,-59400.0,-29.68,disminucion_observada,media
PERF_0041,entrada,11,12,1572545.45,246990.91,157.06,aumento_observado,media
PERF_0042,salida,13,69,3934615.38,67582.42,20.61,estabilidad_observada,media
PERF_0042,entrada,13,29,1436153.85,50681.32,42.35,aumento_observado,media
PERF_0043,salida,13,72,747230.77,-6736.26,-10.82,estabilidad_observada,media
PERF_0043,entrada,10,3,168000.0,,,evidencia_insuficiente,alta
PERF_0044,salida,13,64,1689230.77,6565.93,4.66,estabilidad_observada,media
PERF_0044,entrada,10,4,210000.0,,,evidencia_insuficiente,alta
PERF_0045,salida,14,70,577285.71,-7762.64,-17.48,estabilidad_observada,media
PERF_0045,entrada,10,3,150000.0,,,evidencia_insuficiente,alta
PERF_0046,salida,14,86,1131642.86,27821.98,31.96,aumento_observado,media
PERF_0046,entrada,10,3,171000.0,,,evidencia_insuficiente,alta
PERF_0047,salida,13,79,1485153.85,36269.23,29.31,aumento_observado,media
PERF_0047,entrada,10,3,267000.0,,,evidencia_insuficiente,alta
PERF_0048,entrada,14,22,958500.0,54450.55,73.85,aumento_observado,media
PERF_0048,salida,14,73,2004071.43,-53395.6,-34.64,disminucion_observada,media
PERF_0049,salida,14,87,2583857.14,-30624.18,-15.41,estabilidad_observada,media
PERF_0049,entrada,12,10,926750.0,255.24,0.3,estabilidad_observada,media
PERF_0050,salida,14,72,802928.57,-32472.53,-52.58,disminucion_observada,media
PERF_0050,entrada,14,13,914142.86,12259.34,17.43,estabilidad_observada,media
PERF_0051,salida,14,78,2176071.43,-82090.11,-49.04,disminucion_observada,media
PERF_0051,entrada,13,13,2580230.77,-29829.67,-13.87,estabilidad_observada,media
PERF_0052,entrada,13,8,1066076.92,-85796.7,-96.57,disminucion_observada,media
PERF_0052,salida,14,88,1678714.29,-12426.37,-9.62,estabilidad_observada,media
PERF_0053,salida,14,76,1508714.29,41349.45,35.63,aumento_observado,media
PERF_0053,entrada,14,16,653500.0,-42380.22,-84.31,disminucion_observada,media
PERF_0054,salida,13,65,1843615.38,69230.77,45.06,aumento_observado,media
PERF_0054,entrada,11,7,197272.73,10818.18,54.84,aumento_observado,media
PERF_0055,salida,14,74,1402857.14,-19762.64,-18.31,estabilidad_observada,media
PERF_0055,entrada,12,6,223333.33,8601.4,42.37,aumento_observado,media
PERF_0056,salida,13,70,2172307.69,-653.85,-0.36,estabilidad_observada,media
PERF_0056,entrada,13,10,420307.69,13653.85,38.98,aumento_observado,media
PERF_0057,salida,13,68,1411846.15,-12005.49,-10.2,estabilidad_observada,media
PERF_0057,entrada,14,24,2256285.71,34848.35,20.08,estabilidad_observada,media
PERF_0058,salida,13,87,873692.31,-19846.15,-27.26,disminucion_observada,media
PERF_0058,entrada,13,5,1009538.46,-92340.66,-109.76,disminucion_observada,media
PERF_0059,salida,13,90,574076.92,-22912.09,-47.89,disminucion_observada,media
PERF_0059,entrada,10,5,279000.0,9151.52,29.52,aumento_observado,media
PERF_0060,salida,14,72,1308285.71,27243.96,27.07,aumento_observado,media
PERF_0060,entrada,10,6,211100.0,-3387.88,-14.44,estabilidad_observada,media
PERF_0061,salida,14,80,2485285.71,-26.37,-0.01,estabilidad_observada,media
PERF_0061,entrada,10,4,1866800.0,,,evidencia_insuficiente,alta
PERF_0062,salida,13,84,1664923.08,46340.66,33.4,aumento_observado,media
PERF_0062,entrada,10,5,287800.0,31890.91,99.73,aumento_observado,media
PERF_0063,salida,12,67,3141333.33,115839.16,40.56,aumento_observado,media
PERF_0063,entrada,14,23,820571.43,-22953.85,-36.36,disminucion_observada,media
PERF_0064,salida,14,89,759000.0,-31195.6,-53.43,disminucion_observada,media
PERF_0064,entrada,11,11,1529000.0,228600.0,149.51,aumento_observado,media
PERF_0065,salida,14,58,1086000.0,-46725.27,-55.93,disminucion_observada,media
PERF_0065,entrada,10,3,150000.0,,,evidencia_insuficiente,alta
PERF_0066,salida,14,61,1361142.86,20641.76,19.71,estabilidad_observada,media
PERF_0067,salida,14,69,2174857.14,85384.62,51.04,aumento_observado,media
PERF_0067,entrada,10,3,246000.0,,,evidencia_insuficiente,alta
PERF_0068,salida,14,80,1446142.86,7898.9,7.1,estabilidad_observada,media
PERF_0068,entrada,13,15,1373076.92,120829.67,105.6,aumento_observado,media
PERF_0069,salida,14,91,2011285.71,-22778.02,-14.72,estabilidad_observada,media
PERF_0069,entrada,12,8,1000833.33,-45027.97,-49.49,disminucion_observada,media
PERF_0070,salida,13,63,2890000.0,32318.68,13.42,estabilidad_observada,media
PERF_0070,entrada,12,34,985250.0,-56716.78,-63.32,disminucion_observada,media
PERF_0071,salida,14,81,1522714.29,-80997.8,-69.15,disminucion_observada,media
PERF_0071,entrada,1,1,532000.0,,,evidencia_insuficiente,alta
PERF_0072,salida,13,62,1279384.62,-15604.4,-14.64,estabilidad_observada,media
PERF_0072,entrada,10,3,82700.0,,,evidencia_insuficiente,alta
PERF_0073,salida,14,71,1234785.71,-20789.01,-21.89,estabilidad_observada,media
PERF_0073,entrada,12,26,1064500.0,-25034.97,-25.87,disminucion_observada,media
PERF_0074,salida,14,82,1403500.0,36226.37,33.55,aumento_observado,media
PERF_0074,entrada,10,5,341000.0,8303.03,21.91,estabilidad_observada,media
PERF_0075,salida,14,68,541071.43,-6248.35,-15.01,estabilidad_observada,media
PERF_0075,entrada,11,23,607363.64,-67290.91,-110.79,disminucion_observada,media
PERF_0076,salida,14,79,2190214.29,-53817.58,-31.94,disminucion_observada,media
PERF_0076,entrada,8,4,662500.0,,,evidencia_insuficiente,alta
PERF_0077,salida,14,63,3127714.29,-91050.55,-37.84,disminucion_observada,media
PERF_0077,entrada,13,28,1188461.54,49554.95,50.04,aumento_observado,media
PERF_0078,salida,14,88,850071.43,-24885.71,-38.06,disminucion_observada,media
PERF_0078,entrada,14,6,1509785.71,-156876.92,-135.08,disminucion_observada,media
PERF_0079,salida,14,74,1279500.0,-22024.18,-22.38,estabilidad_observada,media
PERF_0079,entrada,14,25,1359071.43,-52978.02,-50.68,disminucion_observada,media
PERF_0080,entrada,14,42,1202714.29,40624.18,43.91,aumento_observado,media
PERF_0080,salida,14,55,683428.57,-43142.86,-82.07,disminucion_observada,media
PERF_0081,salida,14,91,2045642.86,58815.38,37.38,aumento_observado,media
PERF_0081,entrada,12,4,455833.33,,,evidencia_insuficiente,alta
PERF_0082,salida,14,83,1551428.57,2589.01,2.17,estabilidad_observada,media
PERF_0082,entrada,10,3,426000.0,,,evidencia_insuficiente,alta
PERF_0083,salida,14,71,1467285.71,-5679.12,-5.03,estabilidad_observada,media
PERF_0083,entrada,14,24,692428.57,-3125.27,-5.87,estabilidad_observada,media
PERF_0084,salida,14,72,3472285.71,-45446.15,-17.01,estabilidad_observada,media
PERF_0084,entrada,10,4,241900.0,,,evidencia_insuficiente,alta
PERF_0085,salida,14,67,446142.86,-17353.85,-50.57,disminucion_observada,media
PERF_0085,entrada,10,4,171000.0,,,evidencia_insuficiente,alta
PERF_0086,salida,13,86,1494461.54,-32840.66,-26.37,disminucion_observada,media
PERF_0086,entrada,10,3,636000.0,,,evidencia_insuficiente,alta
PERF_0087,salida,13,72,1211692.31,31510.99,31.21,aumento_observado,media
PERF_0087,entrada,13,16,751615.38,-3978.02,-6.35,estabilidad_observada,media
PERF_0088,salida,14,87,2035428.57,82892.31,52.94,aumento_observado,media
PERF_0088,entrada,13,6,1463538.46,73604.4,60.35,aumento_observado,media
PERF_0089,salida,13,82,1095846.15,38010.99,41.62,aumento_observado,media
PERF_0089,entrada,10,3,150000.0,,,evidencia_insuficiente,alta
PERF_0090,salida,13,70,2011846.15,84461.54,50.38,aumento_observado,media
PERF_0090,entrada,11,12,706181.82,-11109.09,-15.73,estabilidad_observada,media
PERF_0091,salida,13,74,4290923.08,61208.79,17.12,estabilidad_observada,media
PERF_0091,entrada,11,19,1759818.18,-65809.09,-37.4,disminucion_observada,media
PERF_0092,salida,14,88,646500.0,-29140.66,-58.6,disminucion_observada,media
PERF_0092,entrada,14,12,1096500.0,25070.33,29.72,aumento_observado,media
PERF_0093,salida,14,57,726000.0,-25046.15,-44.85,disminucion_observada,media
PERF_0093,entrada,13,5,126153.85,-7472.53,-71.08,disminucion_observada,media
PERF_0094,salida,13,58,1132384.62,29401.1,31.16,aumento_observado,media
PERF_0094,entrada,12,5,151666.67,-13916.08,-100.93,disminucion_observada,media
PERF_0095,salida,14,72,655928.57,27870.33,55.24,aumento_observado,media
PERF_0095,entrada,6,3,78333.33,,,evidencia_insuficiente,alta
PERF_0096,salida,13,85,752923.08,11296.7,18.0,estabilidad_observada,media
PERF_0096,entrada,14,12,613357.14,48973.63,103.8,aumento_observado,media
PERF_0097,salida,14,69,2891642.86,-61892.31,-27.83,disminucion_observada,media
PERF_0097,entrada,13,16,1153384.62,64153.85,66.75,aumento_observado,media
PERF_0098,salida,14,85,2230285.71,-4101.1,-2.39,estabilidad_observada,media
PERF_0098,entrada,14,10,719785.71,-31017.58,-56.02,disminucion_observada,media
PERF_0099,salida,14,86,620571.43,-11696.7,-24.5,estabilidad_observada,media
PERF_0099,entrada,12,10,1184916.67,-46192.31,-42.88,disminucion_observada,media
PERF_0100,salida,13,78,542307.69,-3637.36,-8.05,estabilidad_observada,media
PERF_0100,entrada,10,6,210800.0,13769.7,58.79,aumento_observado,media
PERF_0101,salida,13,66,1856153.85,-69120.88,-44.69,disminucion_observada,media
PERF_0101,entrada,1,1,240000.0,,,evidencia_insuficiente,alta
PERF_0102,salida,13,82,2162769.23,132785.71,73.68,aumento_observado,media
PERF_0102,entrada,14,17,1333785.71,-33558.24,-32.71,disminucion_observada,media
PERF_0103,salida,14,73,1606642.86,23804.4,19.26,estabilidad_observada,media
PERF_0103,entrada,13,25,1497461.54,93994.51,75.32,aumento_observado,media
PERF_0104,salida,13,58,1688076.92,28241.76,20.08,estabilidad_observada,media
PERF_0104,entrada,13,32,814384.62,-6065.93,-8.94,estabilidad_observada,media
PERF_0105,salida,14,74,1278285.71,-27613.19,-28.08,disminucion_observada,media
PERF_0105,entrada,13,16,312692.31,-29890.11,-114.71,disminucion_observada,media
PERF_0106,salida,13,56,1441615.38,-30401.1,-25.31,disminucion_observada,media
PERF_0106,entrada,13,34,2376307.69,129142.86,65.22,aumento_observado,media
PERF_0107,salida,14,68,969428.57,-33740.66,-45.25,disminucion_observada,media
PERF_0107,entrada,13,25,1123538.46,42076.92,44.94,aumento_observado,media
PERF_0108,salida,14,90,1137857.14,-61665.93,-70.45,disminucion_observada,media
PERF_0108,entrada,10,3,1305000.0,,,evidencia_insuficiente,alta
PERF_0109,salida,13,87,1101538.46,76670.33,83.52,aumento_observado,media
PERF_0109,entrada,10,8,873500.0,-88745.45,-91.44,disminucion_observada,media
PERF_0110,salida,14,65,1189928.57,639.56,0.7,estabilidad_observada,media
PERF_0110,entrada,1,1,253000.0,,,evidencia_insuficiente,alta
PERF_0111,salida,14,85,2437142.86,-48487.91,-25.86,disminucion_observada,media
PERF_0111,entrada,13,15,1075615.38,94967.03,105.95,aumento_observado,media
PERF_0112,salida,14,78,3526714.29,-71076.92,-26.2,disminucion_observada,media
PERF_0112,entrada,14,16,1086071.43,51061.54,61.12,aumento_observado,media
PERF_0113,salida,13,54,1092692.31,-9631.87,-10.58,estabilidad_observada,media
PERF_0113,entrada,10,5,191000.0,3696.97,17.42,estabilidad_observada,media
PERF_0114,salida,14,75,717857.14,-23635.16,-42.8,disminucion_observada,media
PERF_0114,entrada,11,5,156363.64,-272.73,-1.74,estabilidad_observada,media
PERF_0115,salida,14,75,1114928.57,-12160.44,-14.18,estabilidad_observada,media
PERF_0115,entrada,10,4,153000.0,,,evidencia_insuficiente,alta
PERF_0116,salida,14,63,1423857.14,43296.7,39.53,aumento_observado,media
PERF_0116,entrada,13,5,224461.54,16901.1,90.36,aumento_observado,media
PERF_0117,salida,14,60,1901071.43,25725.27,17.59,estabilidad_observada,media
PERF_0117,entrada,1,1,1024000.0,,,evidencia_insuficiente,alta
PERF_0118,salida,13,69,2690153.85,32065.93,14.3,estabilidad_observada,media
PERF_0118,entrada,12,21,1337166.67,66930.07,55.06,aumento_observado,media
PERF_0119,salida,14,68,2153142.86,-20131.87,-12.15,estabilidad_observada,media
PERF_0119,entrada,7,4,241857.14,,,evidencia_insuficiente,alta
PERF_0120,entrada,12,20,1707666.67,57853.15,37.27,aumento_observado,media
PERF_0120,salida,14,78,866357.14,-27870.33,-41.82,disminucion_observada,media
PERF_0121,salida,14,79,1371000.0,-53059.34,-50.31,disminucion_observada,media
PERF_0121,entrada,13,11,1631769.23,148148.35,108.95,aumento_observado,media
PERF_0122,salida,14,59,1477071.43,-99439.56,-87.52,disminucion_observada,media
PERF_0122,entrada,10,3,150000.0,,,evidencia_insuficiente,alta
PERF_0123,salida,13,54,1405230.77,94626.37,80.81,aumento_observado,media
PERF_0123,entrada,14,36,683928.57,-40630.77,-77.23,disminucion_observada,media
PERF_0124,salida,13,78,1763692.31,39324.18,26.76,aumento_observado,media
PERF_0124,entrada,13,17,1601692.31,43873.63,32.87,aumento_observado,media
PERF_0125,salida,14,57,2097142.86,-33749.45,-20.92,estabilidad_observada,media
PERF_0125,entrada,13,33,990692.31,-11038.46,-13.37,estabilidad_observada,media
PERF_0126,entrada,14,35,924928.57,-40881.32,-57.46,disminucion_observada,media
PERF_0126,salida,13,59,2792307.69,37313.19,16.04,estabilidad_observada,media
PERF_0127,salida,14,70,970714.29,-44092.31,-59.05,disminucion_observada,media
PERF_0127,entrada,14,25,1606285.71,37301.1,30.19,aumento_observado,media
PERF_0128,salida,14,81,1608214.29,-45281.32,-36.6,disminucion_observada,media
PERF_0128,entrada,10,3,168000.0,,,evidencia_insuficiente,alta
PERF_0129,salida,14,90,1033285.71,-7652.75,-9.63,estabilidad_observada,media
PERF_0129,entrada,10,10,1137600.0,-16424.24,-12.99,estabilidad_observada,media
PERF_0130,salida,14,73,1814571.43,72571.43,51.99,aumento_observado,media
PERF_0130,entrada,12,4,213666.67,,,evidencia_insuficiente,alta
PERF_0131,salida,14,79,2442214.29,38279.12,20.38,estabilidad_observada,media
PERF_0131,entrada,10,5,673500.0,24636.36,32.92,aumento_observado,media
PERF_0132,salida,14,73,1825142.86,-11446.15,-8.15,estabilidad_observada,media
PERF_0132,entrada,11,5,202363.64,44454.55,219.68,aumento_observado,media
PERF_0133,salida,14,54,2697142.86,-66764.84,-32.18,disminucion_observada,media
PERF_0133,entrada,14,31,662071.43,-7553.85,-14.83,estabilidad_observada,media
PERF_0134,salida,14,83,586285.71,-20131.87,-44.64,disminucion_observada,media
PERF_0134,entrada,13,15,1089461.54,51247.25,56.45,aumento_observado,media
PERF_0135,salida,14,54,605357.14,-29980.22,-64.38,disminucion_observada,media
PERF_0135,entrada,1,1,230000.0,,,evidencia_insuficiente,alta
PERF_0136,entrada,13,16,1295076.92,62730.77,58.13,aumento_observado,media
PERF_0136,salida,13,83,698307.69,-32489.01,-55.83,disminucion_observada,media
PERF_0137,salida,14,67,1053428.57,23147.25,28.57,aumento_observado,media
PERF_0137,entrada,10,4,231000.0,,,evidencia_insuficiente,alta
PERF_0138,salida,14,78,948214.29,-10371.43,-14.22,estabilidad_observada,media
PERF_0138,entrada,10,2,58600.0,,,evidencia_insuficiente,alta
PERF_0139,salida,14,89,644142.86,-4619.78,-9.32,estabilidad_observada,media
PERF_0139,entrada,13,6,152692.31,-6824.18,-53.63,disminucion_observada,media
PERF_0140,salida,14,70,1160428.57,-33200.0,-37.19,disminucion_observada,media
PERF_0140,entrada,13,8,225000.0,-3670.33,-19.58,estabilidad_observada,media
PERF_0141,salida,14,71,1462500.0,-56837.36,-50.52,disminucion_observada,media
PERF_0141,entrada,14,22,2256928.57,114714.29,66.08,aumento_observado,media
PERF_0142,salida,13,85,1536923.08,-10796.7,-8.43,estabilidad_observada,media
PERF_0143,salida,14,76,1087285.71,-68039.56,-81.35,disminucion_observada,media
PERF_0143,entrada,12,19,1455666.67,14188.81,10.72,estabilidad_observada,media
PERF_0144,salida,13,61,1602846.15,87335.16,65.39,aumento_observado,media
PERF_0144,entrada,13,4,132307.69,,,evidencia_insuficiente,alta
PERF_0145,salida,13,72,520846.15,22917.58,52.8,aumento_observado,media
PERF_0145,entrada,10,5,178000.0,11272.73,57.0,aumento_observado,media
PERF_0146,salida,13,80,2821153.85,59445.05,25.29,aumento_observado,media
PERF_0146,entrada,10,4,360800.0,,,evidencia_insuficiente,alta
PERF_0147,salida,14,78,2860285.71,-56747.25,-25.79,disminucion_observada,media
PERF_0147,entrada,12,6,363833.33,60146.85,181.85,aumento_observado,media
PERF_0148,salida,14,87,526071.43,-16191.21,-40.01,disminucion_observada,media
PERF_0148,entrada,10,3,1143000.0,,,evidencia_insuficiente,alta
PERF_0149,salida,14,90,771857.14,-30017.58,-50.56,disminucion_observada,media
PERF_0149,entrada,10,3,402000.0,,,evidencia_insuficiente,alta
PERF_0150,salida,14,79,819071.43,-6947.25,-11.03,estabilidad_observada,media
PERF_0150,entrada,13,21,733615.38,-2439.56,-3.99,estabilidad_observada,media
PERF_0151,salida,13,72,3542538.46,300824.18,101.9,aumento_observado,media
PERF_0151,entrada,13,15,1654769.23,-127472.53,-92.44,disminucion_observada,media
PERF_0152,salida,14,85,1254571.43,2795.6,2.9,estabilidad_observada,media
PERF_0152,entrada,13,10,755076.92,9192.31,14.61,estabilidad_observada,media
PERF_0153,salida,14,54,1760714.29,-70439.56,-52.01,disminucion_observada,media
PERF_0153,entrada,11,6,255454.55,39545.45,154.8,aumento_observado,media
PERF_0154,salida,14,60,3753285.71,-47182.42,-16.34,estabilidad_observada,media
PERF_0154,entrada,13,25,1075307.69,-12021.98,-13.42,estabilidad_observada,media
PERF_0155,salida,13,55,780461.54,-17153.85,-26.37,disminucion_observada,media
PERF_0155,entrada,10,4,171000.0,,,evidencia_insuficiente,alta
PERF_0156,salida,14,70,1009071.43,-21021.98,-27.08,disminucion_observada,media
PERF_0156,entrada,14,26,1248785.71,-62586.81,-65.15,disminucion_observada,media
PERF_0157,salida,13,55,1118615.38,-6835.16,-7.33,estabilidad_observada,media
PERF_0157,entrada,13,38,1373615.38,23785.71,20.78,estabilidad_observada,media
PERF_0158,salida,13,90,2188384.62,169653.85,93.03,aumento_observado,media
PERF_0158,entrada,9,2,92222.22,,,evidencia_insuficiente,alta
PERF_0159,salida,13,85,1126846.15,32362.64,34.46,aumento_observado,media
PERF_0159,entrada,10,4,436300.0,,,evidencia_insuficiente,alta
PERF_0160,salida,13,64,1464538.46,34219.78,28.04,aumento_observado,media
PERF_0160,entrada,12,32,762916.67,-22248.25,-32.08,disminucion_observada,media
PERF_0161,salida,14,83,2393428.57,-52602.2,-28.57,disminucion_observada,media
PERF_0161,entrada,11,7,396727.27,50290.91,126.76,aumento_observado,media
PERF_0162,salida,13,73,826153.85,-2829.67,-4.11,estabilidad_observada,media
PERF_0163,salida,14,68,742714.29,-24953.85,-43.68,disminucion_observada,media
PERF_0163,entrada,13,23,874461.54,-42576.92,-58.43,disminucion_observada,media
PERF_0164,entrada,12,10,1864583.33,-11877.62,-7.01,estabilidad_observada,media
PERF_0164,salida,14,88,1931428.57,-36175.82,-24.35,estabilidad_observada,media
PERF_0165,salida,14,81,1304857.14,45837.36,45.67,aumento_observado,media
PERF_0165,entrada,13,18,852615.38,-99362.64,-139.85,disminucion_observada,media
PERF_0166,salida,14,85,1273785.71,5065.93,5.17,estabilidad_observada,media
PERF_0166,entrada,11,9,958363.64,-62218.18,-64.92,disminucion_observada,media
PERF_0167,salida,14,77,1084357.14,-12257.14,-14.69,estabilidad_observada,media
PERF_0167,entrada,13,21,568230.77,-29851.65,-63.04,disminucion_observada,media
PERF_0168,salida,14,91,1672714.29,-22817.58,-17.73,estabilidad_observada,media
PERF_0168,entrada,11,6,665181.82,12945.45,19.46,estabilidad_observada,media
PERF_0169,salida,14,89,548785.71,-9861.54,-23.36,estabilidad_observada,media
PERF_0169,entrada,10,3,522000.0,,,evidencia_insuficiente,alta
PERF_0170,salida,14,56,1258714.29,-44171.43,-45.62,disminucion_observada,media
PERF_0170,entrada,14,39,1464785.71,-4516.48,-4.01,estabilidad_observada,media
PERF_0171,salida,14,80,1652000.0,-102782.42,-80.88,disminucion_observada,media
PERF_0171,entrada,14,13,1980714.29,186580.22,122.46,aumento_observado,media
PERF_0172,salida,14,78,1937000.0,53239.56,35.73,aumento_observado,media
PERF_0172,entrada,6,2,154833.33,,,evidencia_insuficiente,alta
PERF_0173,salida,14,67,986428.57,-6962.64,-9.18,estabilidad_observada,media
PERF_0173,entrada,10,4,170000.0,,,evidencia_insuficiente,alta
PERF_0174,salida,14,67,3188642.86,-86903.3,-35.43,disminucion_observada,media
PERF_0174,entrada,13,22,1165307.69,-120.88,-0.12,estabilidad_observada,media
PERF_0175,salida,14,73,1672714.29,-33103.3,-25.73,disminucion_observada,media
PERF_0175,entrada,14,7,272642.86,4107.69,19.59,estabilidad_observada,media
PERF_0176,salida,13,71,1115538.46,-3884.62,-4.18,estabilidad_observada,media
PERF_0176,entrada,10,5,483800.0,32400.0,60.27,aumento_observado,media
PERF_0177,salida,13,69,663230.77,-15505.49,-28.05,disminucion_observada,media
PERF_0177,entrada,10,4,190300.0,,,evidencia_insuficiente,alta
PERF_0178,salida,13,79,1942615.38,32214.29,19.9,estabilidad_observada,media
PERF_0178,entrada,12,13,1144833.33,33076.92,31.78,aumento_observado,media
PERF_0179,salida,14,86,1199500.0,44454.95,48.18,aumento_observado,media
PERF_0179,entrada,13,8,588538.46,-38494.51,-78.49,disminucion_observada,media
PERF_0180,entrada,10,7,243200.0,5939.39,21.98,estabilidad_observada,media
PERF_0180,salida,13,56,1433615.38,19093.41,15.98,estabilidad_observada,media
PERF_0181,salida,14,76,3485714.29,24562.64,9.16,estabilidad_observada,media
PERF_0181,entrada,1,1,1169000.0,,,evidencia_insuficiente,alta
PERF_0182,salida,13,58,2094153.85,-3906.59,-2.24,estabilidad_observada,media
PERF_0182,entrada,13,34,770230.77,-637.36,-0.99,estabilidad_observada,media
PERF_0183,salida,14,64,556928.57,-22978.02,-53.64,disminucion_observada,media
PERF_0183,entrada,12,34,1121333.33,93965.03,92.18,aumento_observado,media
PERF_0184,entrada,13,12,1621923.08,-18412.09,-13.62,estabilidad_observada,media
PERF_0184,salida,14,86,1344000.0,-34338.46,-33.21,disminucion_observada,media
PERF_0185,salida,14,69,1048571.43,-23116.48,-28.66,disminucion_observada,media
PERF_0185,entrada,10,4,161000.0,,,evidencia_insuficiente,alta
PERF_0186,salida,14,83,1869000.0,51960.44,36.14,aumento_observado,media
PERF_0186,entrada,14,17,1106785.71,13118.68,15.41,estabilidad_observada,media
PERF_0187,salida,14,59,1096642.86,12912.09,15.31,estabilidad_observada,media
PERF_0187,entrada,12,3,31666.67,,,evidencia_insuficiente,alta
PERF_0188,salida,14,86,2115071.43,2002.2,1.23,estabilidad_observada,media
PERF_0188,entrada,13,7,1314615.38,69978.02,63.88,aumento_observado,media
PERF_0189,salida,14,80,1514000.0,-5582.42,-4.79,estabilidad_observada,media
PERF_0189,entrada,12,10,621083.33,66996.5,118.66,aumento_observado,media
PERF_0190,salida,13,74,878769.23,3417.58,4.67,estabilidad_observada,media
PERF_0190,entrada,13,22,1518538.46,146994.51,116.16,aumento_observado,media
PERF_0191,salida,13,80,1626692.31,-25983.52,-19.17,estabilidad_observada,media
PERF_0191,entrada,13,12,1842307.69,15005.49,9.77,estabilidad_observada,media
PERF_0192,salida,13,73,1593615.38,26554.95,20.0,estabilidad_observada,media
PERF_0192,entrada,12,25,1286916.67,-62311.19,-53.26,disminucion_observada,media
PERF_0193,salida,13,66,1500461.54,133225.27,106.55,aumento_observado,media
PERF_0193,entrada,13,25,911000.0,-20005.49,-26.35,disminucion_observada,media
PERF_0194,salida,14,89,1656785.71,8472.53,6.65,estabilidad_observada,media
PERF_0194,entrada,12,11,1723416.67,26129.37,16.68,estabilidad_observada,media
PERF_0195,entrada,13,17,461076.92,-14516.48,-37.78,disminucion_observada,media
PERF_0195,salida,14,66,1227500.0,-19290.11,-20.43,estabilidad_observada,media
PERF_0196,salida,14,82,2846714.29,-39076.92,-17.85,estabilidad_observada,media
PERF_0196,entrada,14,18,988142.86,-11485.71,-15.11,estabilidad_observada,media
PERF_0197,salida,13,59,1510153.85,-41631.87,-33.08,disminucion_observada,media
PERF_0197,entrada,10,4,513600.0,,,evidencia_insuficiente,alta
PERF_0198,salida,14,91,1296214.29,-41505.49,-41.63,disminucion_observada,media
PERF_0198,entrada,12,5,1684000.0,215706.29,140.9,aumento_observado,media
PERF_0199,salida,14,81,626857.14,-50958.24,-105.68,disminucion_observada,media
PERF_0199,entrada,11,11,1428727.27,30718.18,21.5,estabilidad_observada,media
PERF_0200,salida,14,54,1318500.0,41624.18,41.04,aumento_observado,media
PERF_0200,entrada,13,6,170769.23,-11428.57,-80.31,disminucion_observada,media
